<?xml version="1.0" encoding="UTF-8"?>
<gpx xmlns="http://www.topografix.com/GPX/1/1" xmlns:gpxtpx="http://www.garmin.com/xmlschemas/TrackPointExtension/v1" xmlns:xsi="http://www.w3.org/2001/XMLSchema-instance" xsi:schemaLocation="http://www.topografix.com/GPX/1/1 http://www.topografix.com/GPX/1/1/gpx.xsd" version="1.1" creator="gpx.py -- https://github.com/tkrajina/gpxpy">
  <trk>
    <name>gpx from keep</name>
    <type>Run</type>
    <trkseg>
      <trkpt lat="39.91173978595234" lon="116.45515554597694">
        <ele>37.673910204321146</ele>
        <time>2026-01-02T08:33:59Z</time>
      </trkpt>
      <trkpt lat="39.91159428789536" lon="116.45514908572763">
        <ele>38.33699726406485</ele>
        <time>2026-01-02T08:34:05Z</time>
      </trkpt>
      <trkpt lat="39.91152416223416" lon="116.45526722129246">
        <ele>35.854722023010254</ele>
        <time>2026-01-02T08:34:10.800000Z</time>
      </trkpt>
      <trkpt lat="39.9111624096879" lon="116.45523666935799">
        <ele>30.88249329663813</ele>
        <time>2026-01-02T08:34:29Z</time>
      </trkpt>
      <trkpt lat="39.910888869912284" lon="116.45512485666588">
        <ele>38.94065054226667</ele>
        <time>2026-01-02T08:34:32Z</time>
      </trkpt>
      <trkpt lat="39.910818377893975" lon="116.45514572800035">
        <ele>39.51621846668422</ele>
        <time>2026-01-02T08:34:35Z</time>
      </trkpt>
      <trkpt lat="39.91056935620035" lon="116.45518262071326">
        <ele>39.367806610651314</ele>
        <time>2026-01-02T08:34:47Z</time>
      </trkpt>
      <trkpt lat="39.91048395987491" lon="116.45515155024476">
        <ele>39.17841480392963</ele>
        <time>2026-01-02T08:34:50Z</time>
      </trkpt>
      <trkpt lat="39.91038454945146" lon="116.45516270818827">
        <ele>40.34527056105435</ele>
        <time>2026-01-02T08:34:56Z</time>
      </trkpt>
      <trkpt lat="39.910344607346225" lon="116.4552083612163">
        <ele>40.31189172901213</ele>
        <time>2026-01-02T08:34:59Z</time>
      </trkpt>
      <trkpt lat="39.91027888766671" lon="116.45520173792207">
        <ele>39.40888886526227</ele>
        <time>2026-01-02T08:35:02Z</time>
      </trkpt>
      <trkpt lat="39.91009857181591" lon="116.455259948289">
        <ele>38.80101840104908</ele>
        <time>2026-01-02T08:35:11Z</time>
      </trkpt>
      <trkpt lat="39.90978804954017" lon="116.4552053154514">
        <ele>40.20059902407229</ele>
        <time>2026-01-02T08:35:26Z</time>
      </trkpt>
      <trkpt lat="39.90951077091952" lon="116.4551422892082">
        <ele>40.890810317359865</ele>
        <time>2026-01-02T08:35:38Z</time>
      </trkpt>
      <trkpt lat="39.90922722169346" lon="116.45506113049088">
        <ele>41.169192348606884</ele>
        <time>2026-01-02T08:35:48Z</time>
      </trkpt>
      <trkpt lat="39.90916212653842" lon="116.4550380520826">
        <ele>42.12527090962976</ele>
        <time>2026-01-02T08:35:51Z</time>
      </trkpt>
      <trkpt lat="39.90886550826488" lon="116.45502099841808">
        <ele>41.47647169418633</ele>
        <time>2026-01-02T08:36:03Z</time>
      </trkpt>
      <trkpt lat="39.90863749826564" lon="116.45492516626673">
        <ele>41.547136508859694</ele>
        <time>2026-01-02T08:36:15Z</time>
      </trkpt>
      <trkpt lat="39.90857333648231" lon="116.45493966904233">
        <ele>43.3267682781443</ele>
        <time>2026-01-02T08:36:18Z</time>
      </trkpt>
      <trkpt lat="39.90843762667588" lon="116.45492187151694">
        <ele>42.747817715629935</ele>
        <time>2026-01-02T08:36:24Z</time>
      </trkpt>
      <trkpt lat="39.908364925737686" lon="116.45493080822128">
        <ele>43.39878167025745</ele>
        <time>2026-01-02T08:36:27Z</time>
      </trkpt>
      <trkpt lat="39.90823895576977" lon="116.45502215403208">
        <ele>42.58045982569456</ele>
        <time>2026-01-02T08:36:33Z</time>
      </trkpt>
      <trkpt lat="39.90805166307545" lon="116.45507725943092">
        <ele>42.061632125638425</ele>
        <time>2026-01-02T08:36:39Z</time>
      </trkpt>
      <trkpt lat="39.90798390048491" lon="116.4550612049277">
        <ele>43.0867436202243</ele>
        <time>2026-01-02T08:36:42Z</time>
      </trkpt>
      <trkpt lat="39.90786759074195" lon="116.45506752524417">
        <ele>42.818334674462676</ele>
        <time>2026-01-02T08:36:48Z</time>
      </trkpt>
      <trkpt lat="39.90785437834239" lon="116.45499641101827">
        <ele>43.101842045784</ele>
        <time>2026-01-02T08:36:51Z</time>
      </trkpt>
      <trkpt lat="39.907750769250306" lon="116.45493527297512">
        <ele>42.36010205373168</ele>
        <time>2026-01-02T08:36:57Z</time>
      </trkpt>
      <trkpt lat="39.90766466549525" lon="116.45493978323155">
        <ele>42.29782475717366</ele>
        <time>2026-01-02T08:37:00Z</time>
      </trkpt>
      <trkpt lat="39.907561625159445" lon="116.45498032460199">
        <ele>41.65567391552031</ele>
        <time>2026-01-02T08:37:03Z</time>
      </trkpt>
      <trkpt lat="39.907364699789774" lon="116.45493269687512">
        <ele>41.8031763387844</ele>
        <time>2026-01-02T08:37:12Z</time>
      </trkpt>
      <trkpt lat="39.90728555423174" lon="116.4548645908108">
        <ele>43.03843683283776</ele>
        <time>2026-01-02T08:37:15Z</time>
      </trkpt>
      <trkpt lat="39.90740835123359" lon="116.45446380682412">
        <ele>41.08962235506624</ele>
        <time>2026-01-02T08:37:27Z</time>
      </trkpt>
      <trkpt lat="39.907396783267515" lon="116.45410877251022">
        <ele>42.13941118307412</ele>
        <time>2026-01-02T08:37:39Z</time>
      </trkpt>
      <trkpt lat="39.90741470361374" lon="116.45391615176997">
        <ele>42.278240483254194</ele>
        <time>2026-01-02T08:37:45Z</time>
      </trkpt>
      <trkpt lat="39.907394353370435" lon="116.45370236417004">
        <ele>42.19953353703022</ele>
        <time>2026-01-02T08:37:51Z</time>
      </trkpt>
      <trkpt lat="39.907409038363795" lon="116.4534291520448">
        <ele>42.23990704677999</ele>
        <time>2026-01-02T08:37:58Z</time>
      </trkpt>
      <trkpt lat="39.90744034337606" lon="116.45328703209337">
        <ele>41.84961370006204</ele>
        <time>2026-01-02T08:38:02Z</time>
      </trkpt>
      <trkpt lat="39.90742892533148" lon="116.45316225921687">
        <ele>42.07379530277103</ele>
        <time>2026-01-02T08:38:06Z</time>
      </trkpt>
      <trkpt lat="39.907450435873294" lon="116.45305064829351">
        <ele>42.12143666297197</ele>
        <time>2026-01-02T08:38:10Z</time>
      </trkpt>
      <trkpt lat="39.90742423552926" lon="116.45297586887479">
        <ele>41.24095505848527</ele>
        <time>2026-01-02T08:38:14Z</time>
      </trkpt>
      <trkpt lat="39.907407769253496" lon="116.45284076073482">
        <ele>40.988617959432304</ele>
        <time>2026-01-02T08:38:18Z</time>
      </trkpt>
      <trkpt lat="39.90743567673234" lon="116.4525665944391">
        <ele>41.57983192335814</ele>
        <time>2026-01-02T08:38:26Z</time>
      </trkpt>
      <trkpt lat="39.90740175705346" lon="116.45212272709239">
        <ele>41.7639422127977</ele>
        <time>2026-01-02T08:38:38Z</time>
      </trkpt>
      <trkpt lat="39.90743182730931" lon="116.45199065001468">
        <ele>41.874682031571865</ele>
        <time>2026-01-02T08:38:42Z</time>
      </trkpt>
      <trkpt lat="39.90740115759971" lon="116.45171427857768">
        <ele>41.46367694903165</ele>
        <time>2026-01-02T08:38:50Z</time>
      </trkpt>
      <trkpt lat="39.90742407103622" lon="116.45160518174566">
        <ele>41.910366215743124</ele>
        <time>2026-01-02T08:38:54Z</time>
      </trkpt>
      <trkpt lat="39.9075041719327" lon="116.45156235354254">
        <ele>40.1136315651238</ele>
        <time>2026-01-02T08:38:58Z</time>
      </trkpt>
      <trkpt lat="39.90755247704398" lon="116.45160000539543">
        <ele>41.638920712284744</ele>
        <time>2026-01-02T08:39:01Z</time>
      </trkpt>
      <trkpt lat="39.907601219295195" lon="116.45159435472216">
        <ele>41.09343967400491</ele>
        <time>2026-01-02T08:39:05Z</time>
      </trkpt>
      <trkpt lat="39.907840937342755" lon="116.45141900263803">
        <ele>41.42485440708697</ele>
        <time>2026-01-02T08:39:53Z</time>
      </trkpt>
      <trkpt lat="39.907856570556596" lon="116.45135563668">
        <ele>41.9092553248629</ele>
        <time>2026-01-02T08:40:19Z</time>
      </trkpt>
      <trkpt lat="39.90791447392539" lon="116.4514106824789">
        <ele>41.77390469331294</ele>
        <time>2026-01-02T08:40:23Z</time>
      </trkpt>
      <trkpt lat="39.90799156583447" lon="116.45142682447612">
        <ele>41.98593467660248</ele>
        <time>2026-01-02T08:40:31Z</time>
      </trkpt>
      <trkpt lat="39.90803775365775" lon="116.45138496572307">
        <ele>41.98413528222591</ele>
        <time>2026-01-02T08:40:47Z</time>
      </trkpt>
      <trkpt lat="39.9080078800567" lon="116.45133041174147">
        <ele>41.81733278930187</ele>
        <time>2026-01-02T08:41:03Z</time>
      </trkpt>
      <trkpt lat="39.90793546253523" lon="116.4513402767935">
        <ele>41.99649422056973</ele>
        <time>2026-01-02T08:41:07Z</time>
      </trkpt>
      <trkpt lat="39.90788874071621" lon="116.45131715236477">
        <ele>41.78644356224686</ele>
        <time>2026-01-02T08:41:19Z</time>
      </trkpt>
      <trkpt lat="39.90789931723372" lon="116.4513987134182">
        <ele>41.629738569259644</ele>
        <time>2026-01-02T08:41:27Z</time>
      </trkpt>
      <trkpt lat="39.907852050110456" lon="116.45146494140498">
        <ele>41.633390970528126</ele>
        <time>2026-01-02T08:41:31Z</time>
      </trkpt>
      <trkpt lat="39.907870141477815" lon="116.45154327664022">
        <ele>41.64840021729469</ele>
        <time>2026-01-02T08:41:39Z</time>
      </trkpt>
      <trkpt lat="39.90793787325376" lon="116.451547794775">
        <ele>41.424112463369966</ele>
        <time>2026-01-02T08:41:47Z</time>
      </trkpt>
      <trkpt lat="39.90805826557226" lon="116.4516774280049">
        <ele>41.34269931726158</ele>
        <time>2026-01-02T08:41:55Z</time>
      </trkpt>
      <trkpt lat="39.90809942008553" lon="116.45170146034305">
        <ele>41.776006830856204</ele>
        <time>2026-01-02T08:41:59Z</time>
      </trkpt>
      <trkpt lat="39.908056499056755" lon="116.4516736922231">
        <ele>41.98966729454696</ele>
        <time>2026-01-02T08:42:03Z</time>
      </trkpt>
      <trkpt lat="39.90838384292924" lon="116.45173301530454">
        <ele>42.53381973411888</ele>
        <time>2026-01-02T08:42:14Z</time>
      </trkpt>
      <trkpt lat="39.90871152375586" lon="116.45178928018126">
        <ele>41.71017967816442</ele>
        <time>2026-01-02T08:42:22Z</time>
      </trkpt>
      <trkpt lat="39.90893437665317" lon="116.4517773945638">
        <ele>43.8617680920288</ele>
        <time>2026-01-02T08:42:30Z</time>
      </trkpt>
      <trkpt lat="39.909058977633066" lon="116.45174053428737">
        <ele>43.25879259780049</ele>
        <time>2026-01-02T08:42:34Z</time>
      </trkpt>
      <trkpt lat="39.90926740218207" lon="116.45178806149809">
        <ele>42.621865627355874</ele>
        <time>2026-01-02T08:42:42Z</time>
      </trkpt>
      <trkpt lat="39.909504086872445" lon="116.45179354258134">
        <ele>43.06575094908476</ele>
        <time>2026-01-02T08:42:50Z</time>
      </trkpt>
      <trkpt lat="39.909609568743676" lon="116.4517760234495">
        <ele>42.40036420430988</ele>
        <time>2026-01-02T08:42:54Z</time>
      </trkpt>
      <trkpt lat="39.90970854186369" lon="116.45172043828637">
        <ele>41.553372903726995</ele>
        <time>2026-01-02T08:42:58Z</time>
      </trkpt>
      <trkpt lat="39.9099424824805" lon="116.45173984546842">
        <ele>42.600316981785</ele>
        <time>2026-01-02T08:43:06Z</time>
      </trkpt>
      <trkpt lat="39.91004432792913" lon="116.45172907379839">
        <ele>42.29789332486689</ele>
        <time>2026-01-02T08:43:10Z</time>
      </trkpt>
      <trkpt lat="39.91013957804618" lon="116.45176359577778">
        <ele>42.84841168113053</ele>
        <time>2026-01-02T08:43:14Z</time>
      </trkpt>
      <trkpt lat="39.910282145417106" lon="116.45174441818646">
        <ele>41.35303657874465</ele>
        <time>2026-01-02T08:43:18Z</time>
      </trkpt>
      <trkpt lat="39.910323026185516" lon="116.45169908506182">
        <ele>41.982872064225376</ele>
        <time>2026-01-02T08:43:22Z</time>
      </trkpt>
      <trkpt lat="39.910368983054745" lon="116.45170655170702">
        <ele>42.01884111855179</ele>
        <time>2026-01-02T08:43:30Z</time>
      </trkpt>
      <trkpt lat="39.91043067149726" lon="116.45166309838557">
        <ele>42.71750206314027</ele>
        <time>2026-01-02T08:43:42Z</time>
      </trkpt>
      <trkpt lat="39.91049838283813" lon="116.4517281617029">
        <ele>42.84206525515765</ele>
        <time>2026-01-02T08:43:46Z</time>
      </trkpt>
      <trkpt lat="39.91072829867115" lon="116.45170970637665">
        <ele>43.0988545389846</ele>
        <time>2026-01-02T08:43:54Z</time>
      </trkpt>
      <trkpt lat="39.91104966913855" lon="116.451833243611">
        <ele>42.5405164770782</ele>
        <time>2026-01-02T08:44:02Z</time>
      </trkpt>
      <trkpt lat="39.91120433165344" lon="116.45193231451289">
        <ele>40.36612196266651</ele>
        <time>2026-01-02T08:44:10Z</time>
      </trkpt>
      <trkpt lat="39.91141131634171" lon="116.45191088911383">
        <ele>42.09225806128234</ele>
        <time>2026-01-02T08:44:17Z</time>
      </trkpt>
      <trkpt lat="39.91148839355164" lon="116.45186536005774">
        <ele>42.332268346101046</ele>
        <time>2026-01-02T08:44:21Z</time>
      </trkpt>
      <trkpt lat="39.9117859260857" lon="116.45177627660814">
        <ele>41.578860849142075</ele>
        <time>2026-01-02T08:44:33Z</time>
      </trkpt>
      <trkpt lat="39.91184962002499" lon="116.45170762589775">
        <ele>41.6300407294184</ele>
        <time>2026-01-02T08:44:37Z</time>
      </trkpt>
      <trkpt lat="39.91187493272919" lon="116.45177906619058">
        <ele>41.65848837047815</ele>
        <time>2026-01-02T08:45:09Z</time>
      </trkpt>
      <trkpt lat="39.912030477406134" lon="116.45175511171736">
        <ele>41.004756019450724</ele>
        <time>2026-01-02T08:45:17Z</time>
      </trkpt>
      <trkpt lat="39.912096131611825" lon="116.4517153290436">
        <ele>41.301649728789926</ele>
        <time>2026-01-02T08:45:21Z</time>
      </trkpt>
      <trkpt lat="39.912330519131785" lon="116.45171842522474">
        <ele>41.105230833403766</ele>
        <time>2026-01-02T08:45:29Z</time>
      </trkpt>
      <trkpt lat="39.912407288582564" lon="116.45168113914391">
        <ele>42.306704237125814</ele>
        <time>2026-01-02T08:45:41Z</time>
      </trkpt>
      <trkpt lat="39.91263623316695" lon="116.45164325363784">
        <ele>42.09936297964305</ele>
        <time>2026-01-02T08:45:49Z</time>
      </trkpt>
      <trkpt lat="39.912913516453095" lon="116.45169957399989">
        <ele>42.49956457130611</ele>
        <time>2026-01-02T08:45:57Z</time>
      </trkpt>
      <trkpt lat="39.91303865384495" lon="116.45177393120048">
        <ele>42.679643088020384</ele>
        <time>2026-01-02T08:46:05Z</time>
      </trkpt>
      <trkpt lat="39.91315175367323" lon="116.45177863299041">
        <ele>42.67665205150843</ele>
        <time>2026-01-02T08:46:09Z</time>
      </trkpt>
      <trkpt lat="39.91328172063885" lon="116.45170896539118">
        <ele>42.427984463982284</ele>
        <time>2026-01-02T08:46:13Z</time>
      </trkpt>
      <trkpt lat="39.91346697644717" lon="116.45167206090323">
        <ele>41.728543560020626</ele>
        <time>2026-01-02T08:46:21Z</time>
      </trkpt>
      <trkpt lat="39.91350164898511" lon="116.4516099301707">
        <ele>41.62733574677259</ele>
        <time>2026-01-02T08:46:25Z</time>
      </trkpt>
      <trkpt lat="39.913787793548444" lon="116.45172337076997">
        <ele>41.16964443214238</ele>
        <time>2026-01-02T08:46:33Z</time>
      </trkpt>
      <trkpt lat="39.914096406632034" lon="116.45178215096448">
        <ele>40.8697726521641</ele>
        <time>2026-01-02T08:46:49Z</time>
      </trkpt>
      <trkpt lat="39.91418990508107" lon="116.4516618338636">
        <ele>41.12975237239152</ele>
        <time>2026-01-02T08:46:57Z</time>
      </trkpt>
      <trkpt lat="39.91428711802112" lon="116.4516856426025">
        <ele>42.348357618786395</ele>
        <time>2026-01-02T08:47:01Z</time>
      </trkpt>
      <trkpt lat="39.91439959358503" lon="116.45167418814296">
        <ele>42.678627237677574</ele>
        <time>2026-01-02T08:47:05Z</time>
      </trkpt>
      <trkpt lat="39.91449332278781" lon="116.45163890204664">
        <ele>42.72808745410293</ele>
        <time>2026-01-02T08:47:09Z</time>
      </trkpt>
      <trkpt lat="39.9146357282493" lon="116.45168225487826">
        <ele>42.93859358038753</ele>
        <time>2026-01-02T08:47:13Z</time>
      </trkpt>
      <trkpt lat="39.9147846840876" lon="116.45179516985915">
        <ele>43.163727196864784</ele>
        <time>2026-01-02T08:47:21Z</time>
      </trkpt>
      <trkpt lat="39.91494985097022" lon="116.45174358670526">
        <ele>43.30832305364311</ele>
        <time>2026-01-02T08:47:25Z</time>
      </trkpt>
      <trkpt lat="39.91511322068984" lon="116.45161147644248">
        <ele>43.25109423883259</ele>
        <time>2026-01-02T08:47:29Z</time>
      </trkpt>
      <trkpt lat="39.91513538451097" lon="116.45170621109519">
        <ele>43.61760980915278</ele>
        <time>2026-01-02T08:47:33Z</time>
      </trkpt>
      <trkpt lat="39.91534805210406" lon="116.45175162037387">
        <ele>42.550144232809544</ele>
        <time>2026-01-02T08:47:41Z</time>
      </trkpt>
      <trkpt lat="39.9156824542793" lon="116.45187723227014">
        <ele>43.188997763209045</ele>
        <time>2026-01-02T08:47:49Z</time>
      </trkpt>
      <trkpt lat="39.91590627606783" lon="116.45179228292861">
        <ele>42.858628146350384</ele>
        <time>2026-01-02T08:48:01Z</time>
      </trkpt>
      <trkpt lat="39.91601906331759" lon="116.45171242266672">
        <ele>42.386118224821985</ele>
        <time>2026-01-02T08:48:05Z</time>
      </trkpt>
      <trkpt lat="39.916121389280846" lon="116.45156159756489">
        <ele>42.538252621889114</ele>
        <time>2026-01-02T08:48:21Z</time>
      </trkpt>
      <trkpt lat="39.91623292874662" lon="116.45185738271019">
        <ele>43.1356258681044</ele>
        <time>2026-01-02T08:48:28Z</time>
      </trkpt>
      <trkpt lat="39.916398008496266" lon="116.45184108444683">
        <ele>42.496407102793455</ele>
        <time>2026-01-02T08:48:31Z</time>
      </trkpt>
      <trkpt lat="39.91665996465853" lon="116.45185940752008">
        <ele>42.61904152482748</ele>
        <time>2026-01-02T08:48:38Z</time>
      </trkpt>
      <trkpt lat="39.91692704873781" lon="116.45207832139194">
        <ele>42.913145238533616</ele>
        <time>2026-01-02T08:48:46Z</time>
      </trkpt>
      <trkpt lat="39.916966091996336" lon="116.4521201583505">
        <ele>43.038029364310205</ele>
        <time>2026-01-02T08:48:50Z</time>
      </trkpt>
      <trkpt lat="39.91706281452844" lon="116.45236888747262">
        <ele>42.87162378616631</ele>
        <time>2026-01-02T08:48:58Z</time>
      </trkpt>
      <trkpt lat="39.91713925681641" lon="116.45244825804315">
        <ele>42.66418277285993</ele>
        <time>2026-01-02T08:49:02Z</time>
      </trkpt>
      <trkpt lat="39.91712323344294" lon="116.45257718405327">
        <ele>42.45403731893748</ele>
        <time>2026-01-02T08:49:06Z</time>
      </trkpt>
      <trkpt lat="39.917177382738004" lon="116.45262359852356">
        <ele>41.8682215064764</ele>
        <time>2026-01-02T08:49:10Z</time>
      </trkpt>
      <trkpt lat="39.91719716726195" lon="116.45279568613705">
        <ele>43.25925587117672</ele>
        <time>2026-01-02T08:49:18Z</time>
      </trkpt>
      <trkpt lat="39.91723400256548" lon="116.45292146047572">
        <ele>43.19532552268356</ele>
        <time>2026-01-02T08:49:26Z</time>
      </trkpt>
      <trkpt lat="39.91719034517354" lon="116.45333368030467">
        <ele>41.04180663265288</ele>
        <time>2026-01-02T08:49:38Z</time>
      </trkpt>
      <trkpt lat="39.91706154341631" lon="116.45378319829274">
        <ele>41.159631631337106</ele>
        <time>2026-01-02T08:49:46Z</time>
      </trkpt>
      <trkpt lat="39.916959639511745" lon="116.45408661398032">
        <ele>42.223769035190344</ele>
        <time>2026-01-02T08:49:50Z</time>
      </trkpt>
      <trkpt lat="39.916929840812045" lon="116.45429481690357">
        <ele>41.788286845199764</ele>
        <time>2026-01-02T08:49:54Z</time>
      </trkpt>
      <trkpt lat="39.91685069213696" lon="116.45452629031792">
        <ele>42.044853415340185</ele>
        <time>2026-01-02T08:49:58Z</time>
      </trkpt>
      <trkpt lat="39.9168785786868" lon="116.45482414639923">
        <ele>41.096263360232115</ele>
        <time>2026-01-02T08:50:06Z</time>
      </trkpt>
      <trkpt lat="39.91686312411028" lon="116.45496048507627">
        <ele>42.37241381686181</ele>
        <time>2026-01-02T08:50:10Z</time>
      </trkpt>
      <trkpt lat="39.91695108968627" lon="116.4550509834126">
        <ele>41.92986582033336</ele>
        <time>2026-01-02T08:50:18Z</time>
      </trkpt>
      <trkpt lat="39.91701387082155" lon="116.45515431259612">
        <ele>41.450333626009524</ele>
        <time>2026-01-02T08:50:53Z</time>
      </trkpt>
      <trkpt lat="39.91723457976083" lon="116.45507957794878">
        <ele>40.91033264994621</ele>
        <time>2026-01-02T08:51:05Z</time>
      </trkpt>
      <trkpt lat="39.91756175964171" lon="116.455081067549">
        <ele>42.942627222277224</ele>
        <time>2026-01-02T08:51:17Z</time>
      </trkpt>
      <trkpt lat="39.917653300374425" lon="116.45503303288413">
        <ele>42.25260391738266</ele>
        <time>2026-01-02T08:51:21Z</time>
      </trkpt>
      <trkpt lat="39.917733090820974" lon="116.45495572463216">
        <ele>42.71954912412912</ele>
        <time>2026-01-02T08:51:25Z</time>
      </trkpt>
      <trkpt lat="39.91782349234163" lon="116.45477871355278">
        <ele>41.224205628968775</ele>
        <time>2026-01-02T08:51:33Z</time>
      </trkpt>
      <trkpt lat="39.91782254159696" lon="116.45469462105262">
        <ele>42.875364584848285</ele>
        <time>2026-01-02T08:51:37Z</time>
      </trkpt>
      <trkpt lat="39.91788113478786" lon="116.4544522954653">
        <ele>42.67645649705082</ele>
        <time>2026-01-02T08:51:45Z</time>
      </trkpt>
      <trkpt lat="39.917953926908716" lon="116.45435929110175">
        <ele>41.16446218453348</ele>
        <time>2026-01-02T08:51:49Z</time>
      </trkpt>
      <trkpt lat="39.91795543545406" lon="116.45422396918151">
        <ele>40.69515524432063</ele>
        <time>2026-01-02T08:51:53Z</time>
      </trkpt>
      <trkpt lat="39.91798008940151" lon="116.45400745140046">
        <ele>42.29935787431896</ele>
        <time>2026-01-02T08:52:01Z</time>
      </trkpt>
      <trkpt lat="39.918012041996164" lon="116.45390789664553">
        <ele>41.60938689112663</ele>
        <time>2026-01-02T08:52:05Z</time>
      </trkpt>
      <trkpt lat="39.918130362731056" lon="116.45380772680652">
        <ele>42.06385937239975</ele>
        <time>2026-01-02T08:52:09Z</time>
      </trkpt>
      <trkpt lat="39.91820269443675" lon="116.45359285520342">
        <ele>42.32805962488055</ele>
        <time>2026-01-02T08:52:17Z</time>
      </trkpt>
      <trkpt lat="39.91819189126472" lon="116.45348540144187">
        <ele>41.55672104284167</ele>
        <time>2026-01-02T08:52:21Z</time>
      </trkpt>
      <trkpt lat="39.91822945574617" lon="116.4533639057398">
        <ele>41.85232685878873</ele>
        <time>2026-01-02T08:52:25Z</time>
      </trkpt>
      <trkpt lat="39.91829306016301" lon="116.4532883510348">
        <ele>42.00527564063668</ele>
        <time>2026-01-02T08:52:29Z</time>
      </trkpt>
      <trkpt lat="39.9183115769834" lon="116.45320555183253">
        <ele>42.00835617724806</ele>
        <time>2026-01-02T08:52:33Z</time>
      </trkpt>
      <trkpt lat="39.918399874463624" lon="116.45310136385116">
        <ele>41.15470116119832</ele>
        <time>2026-01-02T08:52:36Z</time>
      </trkpt>
      <trkpt lat="39.918459044398304" lon="116.45287664029551">
        <ele>41.60600194148719</ele>
        <time>2026-01-02T08:52:42Z</time>
      </trkpt>
      <trkpt lat="39.918609256995566" lon="116.45251254866824">
        <ele>42.8243492403999</ele>
        <time>2026-01-02T08:52:52Z</time>
      </trkpt>
      <trkpt lat="39.918574442077116" lon="116.45236934774056">
        <ele>41.89200737141073</ele>
        <time>2026-01-02T08:52:56Z</time>
      </trkpt>
      <trkpt lat="39.91860549036018" lon="116.4522246079036">
        <ele>41.268972733058035</ele>
        <time>2026-01-02T08:53:00Z</time>
      </trkpt>
      <trkpt lat="39.91875294812928" lon="116.45189657653054">
        <ele>41.3062505107373</ele>
        <time>2026-01-02T08:53:12Z</time>
      </trkpt>
      <trkpt lat="39.91883598430794" lon="116.45153297258197">
        <ele>42.18095053359866</ele>
        <time>2026-01-02T08:53:24Z</time>
      </trkpt>
      <trkpt lat="39.91896024156834" lon="116.45111188647294">
        <ele>42.322922548279166</ele>
        <time>2026-01-02T08:53:40Z</time>
      </trkpt>
      <trkpt lat="39.9189669774732" lon="116.45087639485544">
        <ele>41.72936555184424</ele>
        <time>2026-01-02T08:53:48Z</time>
      </trkpt>
      <trkpt lat="39.919060269329094" lon="116.45050187207708">
        <ele>41.910859731025994</ele>
        <time>2026-01-02T08:54:00Z</time>
      </trkpt>
      <trkpt lat="39.91912568128512" lon="116.45040854542803">
        <ele>42.196090620942414</ele>
        <time>2026-01-02T08:54:04Z</time>
      </trkpt>
      <trkpt lat="39.919105593443135" lon="116.45028889999884">
        <ele>42.176078133285046</ele>
        <time>2026-01-02T08:54:08Z</time>
      </trkpt>
      <trkpt lat="39.919201370745895" lon="116.4500948011397">
        <ele>42.31649064552039</ele>
        <time>2026-01-02T08:54:16Z</time>
      </trkpt>
      <trkpt lat="39.91926290876719" lon="116.45000439319162">
        <ele>42.21653532795608</ele>
        <time>2026-01-02T08:54:20Z</time>
      </trkpt>
      <trkpt lat="39.91930102577443" lon="116.44961948947713">
        <ele>40.73814005590975</ele>
        <time>2026-01-02T08:54:32Z</time>
      </trkpt>
      <trkpt lat="39.919422325335546" lon="116.44929747990643">
        <ele>41.927340956404805</ele>
        <time>2026-01-02T08:54:43Z</time>
      </trkpt>
      <trkpt lat="39.91949139645653" lon="116.44912214403723">
        <ele>41.241372029297054</ele>
        <time>2026-01-02T08:54:49Z</time>
      </trkpt>
      <trkpt lat="39.91953038679463" lon="116.4489665958786">
        <ele>41.51597796007991</ele>
        <time>2026-01-02T08:54:53Z</time>
      </trkpt>
      <trkpt lat="39.91954416073996" lon="116.44867559711547">
        <ele>41.40555744897574</ele>
        <time>2026-01-02T08:55:01Z</time>
      </trkpt>
      <trkpt lat="39.91961881751953" lon="116.44852378437479">
        <ele>40.926250049844384</ele>
        <time>2026-01-02T08:55:05Z</time>
      </trkpt>
      <trkpt lat="39.919618501972465" lon="116.4483861955796">
        <ele>42.09790081996471</ele>
        <time>2026-01-02T08:55:09Z</time>
      </trkpt>
      <trkpt lat="39.91974105896954" lon="116.44810593704564">
        <ele>40.613345950841904</ele>
        <time>2026-01-02T08:55:25Z</time>
      </trkpt>
      <trkpt lat="39.91982826118742" lon="116.4480622387436">
        <ele>41.05113232880831</ele>
        <time>2026-01-02T08:55:29Z</time>
      </trkpt>
      <trkpt lat="39.92000529980349" lon="116.44813094798938">
        <ele>40.068550328724086</ele>
        <time>2026-01-02T08:55:37Z</time>
      </trkpt>
      <trkpt lat="39.92012984746567" lon="116.4481303092073">
        <ele>40.70082785189152</ele>
        <time>2026-01-02T08:55:49Z</time>
      </trkpt>
      <trkpt lat="39.92016344296017" lon="116.4481713891307">
        <ele>40.38746353983879</ele>
        <time>2026-01-02T08:55:57Z</time>
      </trkpt>
      <trkpt lat="39.920195492314704" lon="116.44811906929993">
        <ele>40.743290185928345</ele>
        <time>2026-01-02T08:56:37Z</time>
      </trkpt>
      <trkpt lat="39.920273138033174" lon="116.44815215104998">
        <ele>41.02912661712617</ele>
        <time>2026-01-02T08:56:59Z</time>
      </trkpt>
      <trkpt lat="39.92031471928023" lon="116.44821874591472">
        <ele>40.46298696193844</ele>
        <time>2026-01-02T08:57:02Z</time>
      </trkpt>
      <trkpt lat="39.9205759827664" lon="116.4483724069389">
        <ele>41.129066633060575</ele>
        <time>2026-01-02T08:57:14Z</time>
      </trkpt>
      <trkpt lat="39.92088664410616" lon="116.44855717944405">
        <ele>41.874628893099725</ele>
        <time>2026-01-02T08:57:26Z</time>
      </trkpt>
      <trkpt lat="39.92097817741076" lon="116.44857691555008">
        <ele>41.33719654008746</ele>
        <time>2026-01-02T08:57:30Z</time>
      </trkpt>
      <trkpt lat="39.92107229108931" lon="116.44863003451776">
        <ele>41.68125981092453</ele>
        <time>2026-01-02T08:57:34Z</time>
      </trkpt>
      <trkpt lat="39.921182578316255" lon="116.44865755255375">
        <ele>40.59752317611128</ele>
        <time>2026-01-02T08:57:38Z</time>
      </trkpt>
      <trkpt lat="39.92129207585542" lon="116.44872375477688">
        <ele>40.38902470655739</ele>
        <time>2026-01-02T08:57:42Z</time>
      </trkpt>
      <trkpt lat="39.921394954057966" lon="116.44881360776851">
        <ele>40.717252432368696</ele>
        <time>2026-01-02T08:57:46Z</time>
      </trkpt>
      <trkpt lat="39.92148745465335" lon="116.44883484847003">
        <ele>41.74199229571968</ele>
        <time>2026-01-02T08:57:50Z</time>
      </trkpt>
      <trkpt lat="39.92156320660523" lon="116.44893889607009">
        <ele>41.30996736232191</ele>
        <time>2026-01-02T08:57:54Z</time>
      </trkpt>
      <trkpt lat="39.92163057718336" lon="116.44890642923741">
        <ele>41.829253321513534</ele>
        <time>2026-01-02T08:57:58Z</time>
      </trkpt>
      <trkpt lat="39.92186262178372" lon="116.44902384053519">
        <ele>41.44880758039653</ele>
        <time>2026-01-02T08:58:10Z</time>
      </trkpt>
      <trkpt lat="39.92199514480903" lon="116.44906918906214">
        <ele>41.441710012964904</ele>
        <time>2026-01-02T08:58:14Z</time>
      </trkpt>
      <trkpt lat="39.9221144221744" lon="116.4490716414254">
        <ele>42.13679504301399</ele>
        <time>2026-01-02T08:58:18Z</time>
      </trkpt>
      <trkpt lat="39.922198803597034" lon="116.4490514787852">
        <ele>42.51134661771357</ele>
        <time>2026-01-02T08:58:22Z</time>
      </trkpt>
      <trkpt lat="39.922245351957564" lon="116.44907506782403">
        <ele>42.282778818160295</ele>
        <time>2026-01-02T08:58:26Z</time>
      </trkpt>
      <trkpt lat="39.92257636998936" lon="116.44911895014175">
        <ele>41.921805505640805</ele>
        <time>2026-01-02T08:58:42Z</time>
      </trkpt>
      <trkpt lat="39.92270197417429" lon="116.44916453963585">
        <ele>41.63253569044173</ele>
        <time>2026-01-02T08:58:46Z</time>
      </trkpt>
      <trkpt lat="39.9228531924221" lon="116.44926568039192">
        <ele>41.45802062191069</ele>
        <time>2026-01-02T08:58:50Z</time>
      </trkpt>
      <trkpt lat="39.92290286251636" lon="116.44924883645089">
        <ele>42.29242059122771</ele>
        <time>2026-01-02T08:58:53Z</time>
      </trkpt>
      <trkpt lat="39.922957612945474" lon="116.44927710864697">
        <ele>41.45411798451096</ele>
        <time>2026-01-02T08:58:56Z</time>
      </trkpt>
      <trkpt lat="39.923051984864664" lon="116.44928033146965">
        <ele>42.18870079703629</ele>
        <time>2026-01-02T08:59:00Z</time>
      </trkpt>
      <trkpt lat="39.923136000196564" lon="116.44923289498233">
        <ele>42.34783918876201</ele>
        <time>2026-01-02T08:59:03Z</time>
      </trkpt>
      <trkpt lat="39.9233620451388" lon="116.44918113856409">
        <ele>43.435380772687495</ele>
        <time>2026-01-02T08:59:10Z</time>
      </trkpt>
      <trkpt lat="39.923416101750924" lon="116.44911284695323">
        <ele>42.93992595560849</ele>
        <time>2026-01-02T08:59:14Z</time>
      </trkpt>
      <trkpt lat="39.92355463694839" lon="116.44910434414511">
        <ele>43.27412633039057</ele>
        <time>2026-01-02T08:59:18Z</time>
      </trkpt>
      <trkpt lat="39.92381561942044" lon="116.44901108849317">
        <ele>42.7652406655252</ele>
        <time>2026-01-02T08:59:30Z</time>
      </trkpt>
      <trkpt lat="39.923988391116694" lon="116.44894541523782">
        <ele>44.69682427402586</ele>
        <time>2026-01-02T08:59:38Z</time>
      </trkpt>
      <trkpt lat="39.92420572845182" lon="116.44900702558992">
        <ele>43.98029098007828</ele>
        <time>2026-01-02T08:59:46Z</time>
      </trkpt>
      <trkpt lat="39.92433798764267" lon="116.44898967852683">
        <ele>44.28469823487103</ele>
        <time>2026-01-02T08:59:50Z</time>
      </trkpt>
      <trkpt lat="39.92446906252767" lon="116.44901755832576">
        <ele>43.811040436849</ele>
        <time>2026-01-02T08:59:54Z</time>
      </trkpt>
      <trkpt lat="39.92457336642974" lon="116.4490040057336">
        <ele>43.76859655510634</ele>
        <time>2026-01-02T08:59:58Z</time>
      </trkpt>
      <trkpt lat="39.92470583093841" lon="116.44903646342907">
        <ele>43.04939868208021</ele>
        <time>2026-01-02T09:00:02Z</time>
      </trkpt>
      <trkpt lat="39.92499212110768" lon="116.44907000748786">
        <ele>45.107876220718026</ele>
        <time>2026-01-02T09:00:14Z</time>
      </trkpt>
      <trkpt lat="39.925092492533345" lon="116.44906291788904">
        <ele>44.33620171621442</ele>
        <time>2026-01-02T09:00:18Z</time>
      </trkpt>
      <trkpt lat="39.92531378019653" lon="116.44908150414287">
        <ele>45.20499331969768</ele>
        <time>2026-01-02T09:00:26Z</time>
      </trkpt>
      <trkpt lat="39.92539426660658" lon="116.44906528698785">
        <ele>44.703503808006644</ele>
        <time>2026-01-02T09:00:30Z</time>
      </trkpt>
      <trkpt lat="39.92558624483221" lon="116.44912078501169">
        <ele>45.158363645896316</ele>
        <time>2026-01-02T09:00:50Z</time>
      </trkpt>
      <trkpt lat="39.92567484742665" lon="116.44908905915919">
        <ele>46.25367291178554</ele>
        <time>2026-01-02T09:00:58Z</time>
      </trkpt>
      <trkpt lat="39.92582180773254" lon="116.4491210709214">
        <ele>46.47623341344297</ele>
        <time>2026-01-02T09:01:05Z</time>
      </trkpt>
      <trkpt lat="39.9259148411611" lon="116.44916451223206">
        <ele>45.45412633288652</ele>
        <time>2026-01-02T09:01:08Z</time>
      </trkpt>
      <trkpt lat="39.92621129371573" lon="116.44922291632284">
        <ele>45.644834289327264</ele>
        <time>2026-01-02T09:01:19Z</time>
      </trkpt>
      <trkpt lat="39.926299776076426" lon="116.44920062708773">
        <ele>46.1799411540851</ele>
        <time>2026-01-02T09:01:23Z</time>
      </trkpt>
      <trkpt lat="39.926457614898325" lon="116.44924360957359">
        <ele>46.17375912424177</ele>
        <time>2026-01-02T09:01:27Z</time>
      </trkpt>
      <trkpt lat="39.92651834472445" lon="116.4491764822986">
        <ele>45.41545141953975</ele>
        <time>2026-01-02T09:01:35Z</time>
      </trkpt>
      <trkpt lat="39.92683020978026" lon="116.44921858327861">
        <ele>44.778608304448426</ele>
        <time>2026-01-02T09:01:43Z</time>
      </trkpt>
      <trkpt lat="39.92702273881335" lon="116.44924343866616">
        <ele>46.15178374759853</ele>
        <time>2026-01-02T09:01:51Z</time>
      </trkpt>
      <trkpt lat="39.92726389871871" lon="116.44918877372876">
        <ele>46.086706538684666</ele>
        <time>2026-01-02T09:02:03Z</time>
      </trkpt>
      <trkpt lat="39.92731858979309" lon="116.44914751083647">
        <ele>45.495232939720154</ele>
        <time>2026-01-02T09:02:07Z</time>
      </trkpt>
      <trkpt lat="39.927377077491116" lon="116.44921235019167">
        <ele>46.17548451945186</ele>
        <time>2026-01-02T09:02:11Z</time>
      </trkpt>
      <trkpt lat="39.927456570526175" lon="116.44919127160391">
        <ele>45.756746992468834</ele>
        <time>2026-01-02T09:02:15Z</time>
      </trkpt>
      <trkpt lat="39.9277938267368" lon="116.44931677580396">
        <ele>45.35061766859144</ele>
        <time>2026-01-02T09:02:23Z</time>
      </trkpt>
      <trkpt lat="39.92820287266875" lon="116.4494111670329">
        <ele>45.60187526792288</ele>
        <time>2026-01-02T09:02:35Z</time>
      </trkpt>
      <trkpt lat="39.928480948451075" lon="116.44934714936394">
        <ele>44.95488360058516</ele>
        <time>2026-01-02T09:02:47Z</time>
      </trkpt>
      <trkpt lat="39.928582497526186" lon="116.44934748892203">
        <ele>44.402111451141536</ele>
        <time>2026-01-02T09:02:51Z</time>
      </trkpt>
      <trkpt lat="39.92866515709496" lon="116.44932565639502">
        <ele>45.102820217609406</ele>
        <time>2026-01-02T09:02:55Z</time>
      </trkpt>
      <trkpt lat="39.928725968057876" lon="116.4493543175589">
        <ele>44.66720082145184</ele>
        <time>2026-01-02T09:02:59Z</time>
      </trkpt>
      <trkpt lat="39.92902538515784" lon="116.44936762610978">
        <ele>44.66899365093559</ele>
        <time>2026-01-02T09:03:09Z</time>
      </trkpt>
      <trkpt lat="39.929228605564155" lon="116.4492929041254">
        <ele>43.853106221184134</ele>
        <time>2026-01-02T09:03:15Z</time>
      </trkpt>
      <trkpt lat="39.92941288523422" lon="116.44933223178676">
        <ele>43.98130342271179</ele>
        <time>2026-01-02T09:03:26Z</time>
      </trkpt>
      <trkpt lat="39.92968093973853" lon="116.4492953590465">
        <ele>44.84249773807824</ele>
        <time>2026-01-02T09:03:38Z</time>
      </trkpt>
      <trkpt lat="39.92983593156305" lon="116.44925259533628">
        <ele>44.96828259155154</ele>
        <time>2026-01-02T09:03:42Z</time>
      </trkpt>
      <trkpt lat="39.92992622666905" lon="116.44931004120457">
        <ele>45.003616170957685</ele>
        <time>2026-01-02T09:03:46Z</time>
      </trkpt>
      <trkpt lat="39.930036221262" lon="116.44932529585998">
        <ele>44.851070628501475</ele>
        <time>2026-01-02T09:03:50Z</time>
      </trkpt>
      <trkpt lat="39.930147425535914" lon="116.44928720175903">
        <ele>45.40675038844347</ele>
        <time>2026-01-02T09:03:54Z</time>
      </trkpt>
      <trkpt lat="39.9304067090934" lon="116.44935769629996">
        <ele>45.14115475490689</ele>
        <time>2026-01-02T09:04:02Z</time>
      </trkpt>
      <trkpt lat="39.93059026229569" lon="116.44929389276581">
        <ele>44.75274512171745</ele>
        <time>2026-01-02T09:04:10Z</time>
      </trkpt>
      <trkpt lat="39.93071108157499" lon="116.44937885732305">
        <ele>43.71988123096526</ele>
        <time>2026-01-02T09:04:14Z</time>
      </trkpt>
      <trkpt lat="39.930880651322084" lon="116.44944213357708">
        <ele>43.75933008920401</ele>
        <time>2026-01-02T09:04:22Z</time>
      </trkpt>
      <trkpt lat="39.93083579626603" lon="116.44937540376011">
        <ele>43.84925995580852</ele>
        <time>2026-01-02T09:04:26Z</time>
      </trkpt>
      <trkpt lat="39.93088236564306" lon="116.44932344422871">
        <ele>44.499414175748825</ele>
        <time>2026-01-02T09:04:30Z</time>
      </trkpt>
      <trkpt lat="39.93097910473525" lon="116.44939073786692">
        <ele>43.599746599793434</ele>
        <time>2026-01-02T09:04:34Z</time>
      </trkpt>
      <trkpt lat="39.931228114403105" lon="116.44926347418743">
        <ele>44.1424646647647</ele>
        <time>2026-01-02T09:04:42Z</time>
      </trkpt>
      <trkpt lat="39.931315572990925" lon="116.44924863301794">
        <ele>43.63634790480137</ele>
        <time>2026-01-02T09:04:46Z</time>
      </trkpt>
      <trkpt lat="39.93142600122035" lon="116.44929396187439">
        <ele>42.272221312858164</ele>
        <time>2026-01-02T09:04:50Z</time>
      </trkpt>
      <trkpt lat="39.93157132394382" lon="116.44929091931068">
        <ele>43.85710658039898</ele>
        <time>2026-01-02T09:04:54Z</time>
      </trkpt>
      <trkpt lat="39.93170754774769" lon="116.44932235599845">
        <ele>43.22425169497728</ele>
        <time>2026-01-02T09:04:58Z</time>
      </trkpt>
      <trkpt lat="39.93176503085256" lon="116.44928624966379">
        <ele>43.51893850695342</ele>
        <time>2026-01-02T09:05:02Z</time>
      </trkpt>
      <trkpt lat="39.93183600092392" lon="116.44928645513478">
        <ele>42.85141898971051</ele>
        <time>2026-01-02T09:05:06Z</time>
      </trkpt>
      <trkpt lat="39.93204180185826" lon="116.44939493520556">
        <ele>42.96420015953481</ele>
        <time>2026-01-02T09:05:25Z</time>
      </trkpt>
      <trkpt lat="39.932092329808256" lon="116.44940002966273">
        <ele>42.83605988509953</ele>
        <time>2026-01-02T09:05:33Z</time>
      </trkpt>
      <trkpt lat="39.932177956278544" lon="116.44929422318214">
        <ele>42.589493908919394</ele>
        <time>2026-01-02T09:06:05Z</time>
      </trkpt>
      <trkpt lat="39.932178176506916" lon="116.44935372503004">
        <ele>42.60716040618718</ele>
        <time>2026-01-02T09:06:53Z</time>
      </trkpt>
      <trkpt lat="39.9322012468394" lon="116.44941749429611">
        <ele>42.56233404017985</ele>
        <time>2026-01-02T09:07:40Z</time>
      </trkpt>
      <trkpt lat="39.932257378408785" lon="116.44946216293545">
        <ele>42.092848075553775</ele>
        <time>2026-01-02T09:07:48Z</time>
      </trkpt>
      <trkpt lat="39.93227813658842" lon="116.44957992066314">
        <ele>43.274099953472614</ele>
        <time>2026-01-02T09:07:56Z</time>
      </trkpt>
      <trkpt lat="39.93226630332359" lon="116.44977973520896">
        <ele>43.4892465705052</ele>
        <time>2026-01-02T09:08:04Z</time>
      </trkpt>
      <trkpt lat="39.93231063873152" lon="116.45003366306535">
        <ele>43.12452092580497</ele>
        <time>2026-01-02T09:08:12Z</time>
      </trkpt>
      <trkpt lat="39.93225264587607" lon="116.4504552013312">
        <ele>43.00228912662715</ele>
        <time>2026-01-02T09:08:24Z</time>
      </trkpt>
      <trkpt lat="39.93223417857674" lon="116.45061999769918">
        <ele>43.1716823624447</ele>
        <time>2026-01-02T09:08:28Z</time>
      </trkpt>
      <trkpt lat="39.9322452123371" lon="116.45097652256288">
        <ele>43.24997879285365</ele>
        <time>2026-01-02T09:08:40Z</time>
      </trkpt>
      <trkpt lat="39.932260771954866" lon="116.45111327633774">
        <ele>42.77510329987854</ele>
        <time>2026-01-02T09:08:44Z</time>
      </trkpt>
      <trkpt lat="39.932189663511096" lon="116.45130457395996">
        <ele>42.04268459044397</ele>
        <time>2026-01-02T09:08:48Z</time>
      </trkpt>
      <trkpt lat="39.93218879196052" lon="116.45144269979362">
        <ele>43.194854143075645</ele>
        <time>2026-01-02T09:08:52Z</time>
      </trkpt>
      <trkpt lat="39.932220089108036" lon="116.45162381366">
        <ele>43.250486821867526</ele>
        <time>2026-01-02T09:08:56Z</time>
      </trkpt>
      <trkpt lat="39.93224497450619" lon="116.45183264959657">
        <ele>43.11294473242015</ele>
        <time>2026-01-02T09:09:04Z</time>
      </trkpt>
      <trkpt lat="39.93225178770001" lon="116.45208580130763">
        <ele>42.60760168544948</ele>
        <time>2026-01-02T09:09:12Z</time>
      </trkpt>
      <trkpt lat="39.93222091347974" lon="116.45236475220182">
        <ele>43.78550942335278</ele>
        <time>2026-01-02T09:09:20Z</time>
      </trkpt>
      <trkpt lat="39.93222865021769" lon="116.45254658277238">
        <ele>42.845517460256815</ele>
        <time>2026-01-02T09:09:26Z</time>
      </trkpt>
      <trkpt lat="39.93220245049662" lon="116.4528640032619">
        <ele>43.030054055154324</ele>
        <time>2026-01-02T09:09:36Z</time>
      </trkpt>
      <trkpt lat="39.93221457457018" lon="116.45295586172287">
        <ele>42.557802953757346</ele>
        <time>2026-01-02T09:09:40Z</time>
      </trkpt>
      <trkpt lat="39.93220998723739" lon="116.45342373619035">
        <ele>43.36019259877503</ele>
        <time>2026-01-02T09:09:56Z</time>
      </trkpt>
      <trkpt lat="39.9322268697309" lon="116.45351079312948">
        <ele>43.04894014261663</ele>
        <time>2026-01-02T09:10:00Z</time>
      </trkpt>
      <trkpt lat="39.9322258145508" lon="116.4536665293462">
        <ele>42.83761723153293</ele>
        <time>2026-01-02T09:10:04Z</time>
      </trkpt>
      <trkpt lat="39.93220816897353" lon="116.45378236725956">
        <ele>42.366614122875035</ele>
        <time>2026-01-02T09:10:08Z</time>
      </trkpt>
      <trkpt lat="39.932247832901055" lon="116.45373253011086">
        <ele>43.135910553857684</ele>
        <time>2026-01-02T09:10:12Z</time>
      </trkpt>
      <trkpt lat="39.93227066210584" lon="116.45388586814204">
        <ele>43.09304734226316</ele>
        <time>2026-01-02T09:10:20Z</time>
      </trkpt>
      <trkpt lat="39.93231013994514" lon="116.45400950192854">
        <ele>42.65792005509138</ele>
        <time>2026-01-02T09:10:24Z</time>
      </trkpt>
      <trkpt lat="39.932252174319395" lon="116.45436086418204">
        <ele>42.96791473031044</ele>
        <time>2026-01-02T09:10:32Z</time>
      </trkpt>
      <trkpt lat="39.93221046722835" lon="116.45465311893108">
        <ele>42.12002760451287</ele>
        <time>2026-01-02T09:10:40Z</time>
      </trkpt>
      <trkpt lat="39.932229249964436" lon="116.4548922416742">
        <ele>42.389028929173946</ele>
        <time>2026-01-02T09:10:48Z</time>
      </trkpt>
      <trkpt lat="39.93225961758436" lon="116.45496762263207">
        <ele>41.90894221421331</ele>
        <time>2026-01-02T09:10:52Z</time>
      </trkpt>
      <trkpt lat="39.93223110751471" lon="116.45503555736867">
        <ele>41.862572476267815</ele>
        <time>2026-01-02T09:10:56Z</time>
      </trkpt>
      <trkpt lat="39.93208291868286" lon="116.45514975760285">
        <ele>41.243063777685165</ele>
        <time>2026-01-02T09:11:00Z</time>
      </trkpt>
      <trkpt lat="39.93187248909916" lon="116.45506450569653">
        <ele>40.92482055351138</ele>
        <time>2026-01-02T09:11:08Z</time>
      </trkpt>
      <trkpt lat="39.931749746586256" lon="116.45503524320961">
        <ele>42.322383757680655</ele>
        <time>2026-01-02T09:11:12Z</time>
      </trkpt>
      <trkpt lat="39.931411463071484" lon="116.45507650909256">
        <ele>43.04428682196885</ele>
        <time>2026-01-02T09:11:24Z</time>
      </trkpt>
      <trkpt lat="39.931134574332795" lon="116.45503552342333">
        <ele>42.58074290025979</ele>
        <time>2026-01-02T09:11:34Z</time>
      </trkpt>
      <trkpt lat="39.93102636192549" lon="116.45504087393597">
        <ele>43.4460689984262</ele>
        <time>2026-01-02T09:11:38Z</time>
      </trkpt>
      <trkpt lat="39.9309905666749" lon="116.45508081346762">
        <ele>43.10626728460193</ele>
        <time>2026-01-02T09:11:41Z</time>
      </trkpt>
      <trkpt lat="39.93075679979706" lon="116.45506466217283">
        <ele>42.87756131682545</ele>
        <time>2026-01-02T09:11:49Z</time>
      </trkpt>
      <trkpt lat="39.93047552957883" lon="116.45515615480491">
        <ele>43.173846362158656</ele>
        <time>2026-01-02T09:12:01Z</time>
      </trkpt>
      <trkpt lat="39.93031700486338" lon="116.45512642873076">
        <ele>42.402978726662695</ele>
        <time>2026-01-02T09:12:09Z</time>
      </trkpt>
      <trkpt lat="39.93024124232469" lon="116.4551683540696">
        <ele>43.244225271977484</ele>
        <time>2026-01-02T09:12:13Z</time>
      </trkpt>
      <trkpt lat="39.92989297768244" lon="116.45502051028143">
        <ele>42.297962218523026</ele>
        <time>2026-01-02T09:12:25Z</time>
      </trkpt>
      <trkpt lat="39.92958822469707" lon="116.45502816824184">
        <ele>42.95254418067634</ele>
        <time>2026-01-02T09:12:41Z</time>
      </trkpt>
      <trkpt lat="39.929335471520346" lon="116.45500640258771">
        <ele>43.39675363060087</ele>
        <time>2026-01-02T09:12:53Z</time>
      </trkpt>
      <trkpt lat="39.92921280425345" lon="116.45502840393102">
        <ele>43.10029550921172</ele>
        <time>2026-01-02T09:12:57Z</time>
      </trkpt>
      <trkpt lat="39.92910175730817" lon="116.4549986248568">
        <ele>42.914306277409196</ele>
        <time>2026-01-02T09:13:01Z</time>
      </trkpt>
      <trkpt lat="39.929073406385896" lon="116.4550750768172">
        <ele>43.176212701015174</ele>
        <time>2026-01-02T09:13:09Z</time>
      </trkpt>
      <trkpt lat="39.928949607397726" lon="116.4550828730124">
        <ele>42.72077413648367</ele>
        <time>2026-01-02T09:13:13Z</time>
      </trkpt>
      <trkpt lat="39.928783506966276" lon="116.45499751947102">
        <ele>42.29822646919638</ele>
        <time>2026-01-02T09:13:17Z</time>
      </trkpt>
      <trkpt lat="39.92868369896125" lon="116.45497088234755">
        <ele>43.226685776375234</ele>
        <time>2026-01-02T09:13:21Z</time>
      </trkpt>
      <trkpt lat="39.928508308230064" lon="116.45495610756836">
        <ele>41.5298378104344</ele>
        <time>2026-01-02T09:13:29Z</time>
      </trkpt>
      <trkpt lat="39.92822356192837" lon="116.4547664189275">
        <ele>41.59519148245454</ele>
        <time>2026-01-02T09:13:42Z</time>
      </trkpt>
      <trkpt lat="39.92810853750397" lon="116.45478038917078">
        <ele>41.5305160600692</ele>
        <time>2026-01-02T09:13:46Z</time>
      </trkpt>
      <trkpt lat="39.92805276496168" lon="116.45476416602176">
        <ele>40.70339825563133</ele>
        <time>2026-01-02T09:13:50Z</time>
      </trkpt>
      <trkpt lat="39.92790779458279" lon="116.45478270742827">
        <ele>41.87796757463366</ele>
        <time>2026-01-02T09:13:54Z</time>
      </trkpt>
      <trkpt lat="39.927662964249684" lon="116.4549493019501">
        <ele>42.3381944000721</ele>
        <time>2026-01-02T09:14:02Z</time>
      </trkpt>
      <trkpt lat="39.9274960624446" lon="116.45500413792857">
        <ele>41.82490225043148</ele>
        <time>2026-01-02T09:14:10Z</time>
      </trkpt>
      <trkpt lat="39.92734551477565" lon="116.45500469260259">
        <ele>41.72427936177701</ele>
        <time>2026-01-02T09:14:18Z</time>
      </trkpt>
      <trkpt lat="39.92712819846867" lon="116.45498198401206">
        <ele>42.33199502341449</ele>
        <time>2026-01-02T09:14:26Z</time>
      </trkpt>
      <trkpt lat="39.92704002374223" lon="116.45495109324561">
        <ele>41.892716178670526</ele>
        <time>2026-01-02T09:14:30Z</time>
      </trkpt>
      <trkpt lat="39.926932602851934" lon="116.45497401318451">
        <ele>40.77850494347513</ele>
        <time>2026-01-02T09:14:34Z</time>
      </trkpt>
      <trkpt lat="39.92674752711564" lon="116.4549067539415">
        <ele>41.18127555772662</ele>
        <time>2026-01-02T09:14:42Z</time>
      </trkpt>
      <trkpt lat="39.92656566101657" lon="116.4548258770442">
        <ele>40.06690085399896</ele>
        <time>2026-01-02T09:14:50Z</time>
      </trkpt>
      <trkpt lat="39.92637641531713" lon="116.45481582457887">
        <ele>39.69679685682058</ele>
        <time>2026-01-02T09:14:58Z</time>
      </trkpt>
      <trkpt lat="39.926209152912726" lon="116.45491608602404">
        <ele>41.15284760389477</ele>
        <time>2026-01-02T09:15:06Z</time>
      </trkpt>
      <trkpt lat="39.926104599624196" lon="116.45495374380978">
        <ele>40.765771467238665</ele>
        <time>2026-01-02T09:15:10Z</time>
      </trkpt>
      <trkpt lat="39.925978670921374" lon="116.45492611063898">
        <ele>41.40735578164458</ele>
        <time>2026-01-02T09:15:14Z</time>
      </trkpt>
      <trkpt lat="39.9258993481805" lon="116.45493908303814">
        <ele>41.7221350595355</ele>
        <time>2026-01-02T09:15:18Z</time>
      </trkpt>
      <trkpt lat="39.92584864154311" lon="116.45498878238553">
        <ele>42.241651283577085</ele>
        <time>2026-01-02T09:15:22Z</time>
      </trkpt>
      <trkpt lat="39.92577438711756" lon="116.45500523918517">
        <ele>41.6599603863433</ele>
        <time>2026-01-02T09:15:26Z</time>
      </trkpt>
      <trkpt lat="39.925651736590346" lon="116.45497584308771">
        <ele>42.289921837858856</ele>
        <time>2026-01-02T09:15:30Z</time>
      </trkpt>
      <trkpt lat="39.925543460549854" lon="116.45501431010895">
        <ele>42.38457953091711</ele>
        <time>2026-01-02T09:15:34Z</time>
      </trkpt>
      <trkpt lat="39.925429966723875" lon="116.4550037513891">
        <ele>42.456213559024036</ele>
        <time>2026-01-02T09:15:38Z</time>
      </trkpt>
      <trkpt lat="39.92537605347196" lon="116.45497757280168">
        <ele>43.04842132795602</ele>
        <time>2026-01-02T09:15:41Z</time>
      </trkpt>
      <trkpt lat="39.92519033106104" lon="116.45503471049855">
        <ele>41.98440088983625</ele>
        <time>2026-01-02T09:15:50Z</time>
      </trkpt>
      <trkpt lat="39.92494677765903" lon="116.45499803525645">
        <ele>43.02407632023096</ele>
        <time>2026-01-02T09:16:01Z</time>
      </trkpt>
      <trkpt lat="39.924885184239024" lon="116.45495821194719">
        <ele>42.600706761702895</ele>
        <time>2026-01-02T09:16:05Z</time>
      </trkpt>
      <trkpt lat="39.924624739638915" lon="116.45504204937703">
        <ele>42.78361479006708</ele>
        <time>2026-01-02T09:16:13Z</time>
      </trkpt>
      <trkpt lat="39.92452462177585" lon="116.45511914685544">
        <ele>42.49588784109801</ele>
        <time>2026-01-02T09:16:17Z</time>
      </trkpt>
      <trkpt lat="39.92444501962189" lon="116.45507696873686">
        <ele>43.15761430654675</ele>
        <time>2026-01-02T09:16:21Z</time>
      </trkpt>
      <trkpt lat="39.92415234086322" lon="116.45515256457324">
        <ele>42.0511733815074</ele>
        <time>2026-01-02T09:16:33Z</time>
      </trkpt>
      <trkpt lat="39.92399266920707" lon="116.45509010457911">
        <ele>42.24397145584226</ele>
        <time>2026-01-02T09:16:37Z</time>
      </trkpt>
      <trkpt lat="39.9239026816845" lon="116.45501737110371">
        <ele>43.004147194325924</ele>
        <time>2026-01-02T09:16:41Z</time>
      </trkpt>
      <trkpt lat="39.92380999135582" lon="116.455049739134">
        <ele>42.66056575346738</ele>
        <time>2026-01-02T09:16:45Z</time>
      </trkpt>
      <trkpt lat="39.92370391864826" lon="116.45505019143154">
        <ele>42.363925689831376</ele>
        <time>2026-01-02T09:16:49Z</time>
      </trkpt>
      <trkpt lat="39.9235903752629" lon="116.45500183442702">
        <ele>42.88106352649629</ele>
        <time>2026-01-02T09:16:53Z</time>
      </trkpt>
      <trkpt lat="39.92344034278498" lon="116.45500314606959">
        <ele>43.44973735883832</ele>
        <time>2026-01-02T09:17:01Z</time>
      </trkpt>
      <trkpt lat="39.923251325046124" lon="116.45497886272018">
        <ele>42.79833564348519</ele>
        <time>2026-01-02T09:17:09Z</time>
      </trkpt>
      <trkpt lat="39.92306292191206" lon="116.45503582446989">
        <ele>42.98685640003532</ele>
        <time>2026-01-02T09:17:17Z</time>
      </trkpt>
      <trkpt lat="39.92294458407311" lon="116.455041571557">
        <ele>42.35490552894771</ele>
        <time>2026-01-02T09:17:21Z</time>
      </trkpt>
      <trkpt lat="39.92288600571011" lon="116.45507260779496">
        <ele>42.35503109451383</ele>
        <time>2026-01-02T09:17:25Z</time>
      </trkpt>
      <trkpt lat="39.922750036024674" lon="116.4550691416905">
        <ele>42.520355080254376</ele>
        <time>2026-01-02T09:17:29Z</time>
      </trkpt>
      <trkpt lat="39.92266199914579" lon="116.45504726868651">
        <ele>41.04358338192105</ele>
        <time>2026-01-02T09:17:33Z</time>
      </trkpt>
      <trkpt lat="39.92244400965237" lon="116.45506238174129">
        <ele>41.51800765283406</ele>
        <time>2026-01-02T09:17:45Z</time>
      </trkpt>
      <trkpt lat="39.92227762634644" lon="116.45503592976858">
        <ele>40.78951124288142</ele>
        <time>2026-01-02T09:17:54Z</time>
      </trkpt>
      <trkpt lat="39.92223503714704" lon="116.45497703351288">
        <ele>40.94337617512792</ele>
        <time>2026-01-02T09:17:58Z</time>
      </trkpt>
      <trkpt lat="39.92226258666512" lon="116.45482109747638">
        <ele>41.114607110619545</ele>
        <time>2026-01-02T09:18:05Z</time>
      </trkpt>
      <trkpt lat="39.922247246270494" lon="116.45436895221917">
        <ele>41.92222670931369</ele>
        <time>2026-01-02T09:18:17Z</time>
      </trkpt>
      <trkpt lat="39.92220535974514" lon="116.4539522065604">
        <ele>42.424918472766876</ele>
        <time>2026-01-02T09:18:29Z</time>
      </trkpt>
      <trkpt lat="39.92219389938806" lon="116.45381581036847">
        <ele>41.838412299752235</ele>
        <time>2026-01-02T09:18:33Z</time>
      </trkpt>
      <trkpt lat="39.922216002569726" lon="116.45372448107548">
        <ele>42.062046371400356</ele>
        <time>2026-01-02T09:18:37Z</time>
      </trkpt>
      <trkpt lat="39.9221695852347" lon="116.45349761591885">
        <ele>41.33500150311738</ele>
        <time>2026-01-02T09:18:45Z</time>
      </trkpt>
      <trkpt lat="39.92218047447449" lon="116.45326091445742">
        <ele>41.89842622447759</ele>
        <time>2026-01-02T09:18:53Z</time>
      </trkpt>
      <trkpt lat="39.922203596447815" lon="116.45314682142191">
        <ele>41.820497093722224</ele>
        <time>2026-01-02T09:18:57Z</time>
      </trkpt>
      <trkpt lat="39.92220068295415" lon="116.4530262566527">
        <ele>41.702389110811055</ele>
        <time>2026-01-02T09:19:01Z</time>
      </trkpt>
      <trkpt lat="39.92221857203011" lon="116.45289517033562">
        <ele>41.06895069591701</ele>
        <time>2026-01-02T09:19:05Z</time>
      </trkpt>
      <trkpt lat="39.9222066494448" lon="116.45254266008888">
        <ele>42.067740712314844</ele>
        <time>2026-01-02T09:19:17Z</time>
      </trkpt>
      <trkpt lat="39.9222032463157" lon="116.45216999568555">
        <ele>42.153657593764365</ele>
        <time>2026-01-02T09:19:29Z</time>
      </trkpt>
      <trkpt lat="39.92220407648434" lon="116.45173345068281">
        <ele>41.696206592954695</ele>
        <time>2026-01-02T09:19:45Z</time>
      </trkpt>
      <trkpt lat="39.922236020510795" lon="116.45125071107482">
        <ele>41.28627241123468</ele>
        <time>2026-01-02T09:20:01Z</time>
      </trkpt>
      <trkpt lat="39.922199292061755" lon="116.45082967415927">
        <ele>42.534820574335754</ele>
        <time>2026-01-02T09:20:17Z</time>
      </trkpt>
      <trkpt lat="39.92219164854326" lon="116.45070398430606">
        <ele>41.27366263885051</ele>
        <time>2026-01-02T09:20:21Z</time>
      </trkpt>
      <trkpt lat="39.92215299343277" lon="116.4505884910803">
        <ele>41.975096308626235</ele>
        <time>2026-01-02T09:20:25Z</time>
      </trkpt>
      <trkpt lat="39.92221620004804" lon="116.45042652216804">
        <ele>41.631412158720195</ele>
        <time>2026-01-02T09:20:29Z</time>
      </trkpt>
      <trkpt lat="39.922281554115465" lon="116.4501957034472">
        <ele>42.64306240808219</ele>
        <time>2026-01-02T09:20:37Z</time>
      </trkpt>
      <trkpt lat="39.922263108928725" lon="116.45006022449607">
        <ele>40.16284678410739</ele>
        <time>2026-01-02T09:20:41Z</time>
      </trkpt>
      <trkpt lat="39.92226216524598" lon="116.44979826737189">
        <ele>42.152359950356185</ele>
        <time>2026-01-02T09:20:49Z</time>
      </trkpt>
      <trkpt lat="39.922286763942054" lon="116.44965779847507">
        <ele>41.891421030275524</ele>
        <time>2026-01-02T09:20:53Z</time>
      </trkpt>
      <trkpt lat="39.92225987392147" lon="116.44953775297215">
        <ele>41.987991876900196</ele>
        <time>2026-01-02T09:20:57Z</time>
      </trkpt>
      <trkpt lat="39.922256181472484" lon="116.4491010527711">
        <ele>40.91970258112997</ele>
        <time>2026-01-02T09:21:13Z</time>
      </trkpt>
      <trkpt lat="39.922298436446354" lon="116.44903554641202">
        <ele>42.028863456100225</ele>
        <time>2026-01-02T09:21:21Z</time>
      </trkpt>
      <trkpt lat="39.92243970044506" lon="116.44907985225011">
        <ele>42.26384926494211</ele>
        <time>2026-01-02T09:21:29Z</time>
      </trkpt>
      <trkpt lat="39.92272115156199" lon="116.44908501457051">
        <ele>41.551451593637466</ele>
        <time>2026-01-02T09:21:41Z</time>
      </trkpt>
      <trkpt lat="39.92296312333002" lon="116.44915526394196">
        <ele>42.11395772639662</ele>
        <time>2026-01-02T09:21:49Z</time>
      </trkpt>
      <trkpt lat="39.92324387035976" lon="116.44908254253829">
        <ele>42.58411820046604</ele>
        <time>2026-01-02T09:22:00Z</time>
      </trkpt>
      <trkpt lat="39.923365627976345" lon="116.44908103952905">
        <ele>43.010149125009775</ele>
        <time>2026-01-02T09:22:04Z</time>
      </trkpt>
      <trkpt lat="39.923445333032404" lon="116.44904739210962">
        <ele>42.837596389465034</ele>
        <time>2026-01-02T09:22:08Z</time>
      </trkpt>
      <trkpt lat="39.9235285921784" lon="116.44908609318749">
        <ele>42.97774651274085</ele>
        <time>2026-01-02T09:22:12Z</time>
      </trkpt>
      <trkpt lat="39.92373305414747" lon="116.44906099882904">
        <ele>43.01278357952833</ele>
        <time>2026-01-02T09:22:20Z</time>
      </trkpt>
      <trkpt lat="39.923816424436204" lon="116.44902251498817">
        <ele>42.59719576127827</ele>
        <time>2026-01-02T09:22:24Z</time>
      </trkpt>
      <trkpt lat="39.924109674443756" lon="116.44905540266409">
        <ele>42.971585714258254</ele>
        <time>2026-01-02T09:22:36Z</time>
      </trkpt>
      <trkpt lat="39.92427636487878" lon="116.44900019235844">
        <ele>43.70945404563099</ele>
        <time>2026-01-02T09:22:44Z</time>
      </trkpt>
      <trkpt lat="39.9244428247986" lon="116.44898775927726">
        <ele>43.902733410708606</ele>
        <time>2026-01-02T09:22:52Z</time>
      </trkpt>
      <trkpt lat="39.924773858800755" lon="116.44905838483676">
        <ele>45.074698184616864</ele>
        <time>2026-01-02T09:23:04Z</time>
      </trkpt>
      <trkpt lat="39.92489233117591" lon="116.44910236226477">
        <ele>44.55286921095103</ele>
        <time>2026-01-02T09:23:08Z</time>
      </trkpt>
      <trkpt lat="39.92519757757046" lon="116.4491181452849">
        <ele>45.20677423290908</ele>
        <time>2026-01-02T09:23:20Z</time>
      </trkpt>
      <trkpt lat="39.92527016044605" lon="116.44910876611553">
        <ele>45.84750121925026</ele>
        <time>2026-01-02T09:23:24Z</time>
      </trkpt>
      <trkpt lat="39.92531514978289" lon="116.44907761691361">
        <ele>44.78850420564413</ele>
        <time>2026-01-02T09:23:28Z</time>
      </trkpt>
      <trkpt lat="39.92548052594055" lon="116.44911430570465">
        <ele>45.17046898044646</ele>
        <time>2026-01-02T09:23:36.100000Z</time>
      </trkpt>
      <trkpt lat="39.92567074744819" lon="116.44908579490571">
        <ele>45.26018635742366</ele>
        <time>2026-01-02T09:23:52Z</time>
      </trkpt>
      <trkpt lat="39.92576264757274" lon="116.44909060999895">
        <ele>45.37825973983854</ele>
        <time>2026-01-02T09:23:56Z</time>
      </trkpt>
      <trkpt lat="39.92593081265231" lon="116.44904515324104">
        <ele>46.17563384026289</ele>
        <time>2026-01-02T09:24:04Z</time>
      </trkpt>
      <trkpt lat="39.92605682454964" lon="116.44910601553637">
        <ele>44.99322818405926</ele>
        <time>2026-01-02T09:24:07Z</time>
      </trkpt>
      <trkpt lat="39.92612515858195" lon="116.44918026859953">
        <ele>46.38248102925718</ele>
        <time>2026-01-02T09:24:10Z</time>
      </trkpt>
      <trkpt lat="39.92640186324746" lon="116.44924800873342">
        <ele>46.24792989436537</ele>
        <time>2026-01-02T09:24:23Z</time>
      </trkpt>
      <trkpt lat="39.92649943872991" lon="116.44930875757714">
        <ele>46.17880353424698</ele>
        <time>2026-01-02T09:24:27Z</time>
      </trkpt>
      <trkpt lat="39.92668193635657" lon="116.44927788735909">
        <ele>44.769825749099255</ele>
        <time>2026-01-02T09:24:35Z</time>
      </trkpt>
      <trkpt lat="39.9268368202123" lon="116.44929749916639">
        <ele>46.04398007877171</ele>
        <time>2026-01-02T09:24:39Z</time>
      </trkpt>
      <trkpt lat="39.927065524836635" lon="116.44924911669227">
        <ele>45.95024822279811</ele>
        <time>2026-01-02T09:24:47Z</time>
      </trkpt>
      <trkpt lat="39.927136722529916" lon="116.44919852041416">
        <ele>46.13111543469131</ele>
        <time>2026-01-02T09:24:55Z</time>
      </trkpt>
      <trkpt lat="39.9274220389642" lon="116.44919654214667">
        <ele>45.543792999349535</ele>
        <time>2026-01-02T09:25:11Z</time>
      </trkpt>
      <trkpt lat="39.92755567294646" lon="116.44916537825627">
        <ele>45.91258007008582</ele>
        <time>2026-01-02T09:25:19Z</time>
      </trkpt>
      <trkpt lat="39.927693960050775" lon="116.44929689140689">
        <ele>45.74500216636807</ele>
        <time>2026-01-02T09:25:23Z</time>
      </trkpt>
      <trkpt lat="39.92779802571454" lon="116.44933157251388">
        <ele>45.62476242519915</ele>
        <time>2026-01-02T09:25:27Z</time>
      </trkpt>
      <trkpt lat="39.92816747553472" lon="116.44931222666233">
        <ele>44.85224495269358</ele>
        <time>2026-01-02T09:25:39Z</time>
      </trkpt>
      <trkpt lat="39.928316617809195" lon="116.44931538382711">
        <ele>46.07477040588856</ele>
        <time>2026-01-02T09:25:43Z</time>
      </trkpt>
      <trkpt lat="39.92853154952358" lon="116.44927151963599">
        <ele>45.2242478299886</ele>
        <time>2026-01-02T09:25:51Z</time>
      </trkpt>
      <trkpt lat="39.928742946602505" lon="116.44934102880332">
        <ele>44.02673591673374</ele>
        <time>2026-01-02T09:25:59Z</time>
      </trkpt>
      <trkpt lat="39.928877887304836" lon="116.44932844434345">
        <ele>44.06605869438499</ele>
        <time>2026-01-02T09:26:03Z</time>
      </trkpt>
      <trkpt lat="39.92896549923832" lon="116.44934033025562">
        <ele>44.67695704475045</ele>
        <time>2026-01-02T09:26:07Z</time>
      </trkpt>
      <trkpt lat="39.92906389398739" lon="116.44929371059013">
        <ele>45.13982838764787</ele>
        <time>2026-01-02T09:26:11Z</time>
      </trkpt>
      <trkpt lat="39.92934428025414" lon="116.44932236534024">
        <ele>44.141894372180104</ele>
        <time>2026-01-02T09:26:25Z</time>
      </trkpt>
      <trkpt lat="39.92947373460976" lon="116.44931879557758">
        <ele>45.03767798561603</ele>
        <time>2026-01-02T09:26:33Z</time>
      </trkpt>
      <trkpt lat="39.929562646196935" lon="116.44929559780236">
        <ele>44.79184928443283</ele>
        <time>2026-01-02T09:26:37Z</time>
      </trkpt>
      <trkpt lat="39.929770522756414" lon="116.44932487361048">
        <ele>44.58459675125778</ele>
        <time>2026-01-02T09:26:49Z</time>
      </trkpt>
      <trkpt lat="39.92985079136221" lon="116.44928859741633">
        <ele>45.18574850447476</ele>
        <time>2026-01-02T09:26:53Z</time>
      </trkpt>
      <trkpt lat="39.930015376160306" lon="116.44927811404455">
        <ele>44.20364021603018</ele>
        <time>2026-01-02T09:27:01Z</time>
      </trkpt>
      <trkpt lat="39.930306868160926" lon="116.44936625462913">
        <ele>45.41014139354229</ele>
        <time>2026-01-02T09:27:09Z</time>
      </trkpt>
      <trkpt lat="39.9305196445604" lon="116.44932770023192">
        <ele>44.116016949526966</ele>
        <time>2026-01-02T09:27:17Z</time>
      </trkpt>
      <trkpt lat="39.93059380311003" lon="116.4493407573333">
        <ele>44.68787729740143</ele>
        <time>2026-01-02T09:27:21Z</time>
      </trkpt>
      <trkpt lat="39.930668396905574" lon="116.44939558535087">
        <ele>44.74751007463783</ele>
        <time>2026-01-02T09:27:25Z</time>
      </trkpt>
      <trkpt lat="39.930757296259706" lon="116.44940242690811">
        <ele>43.08963059913367</ele>
        <time>2026-01-02T09:27:29Z</time>
      </trkpt>
      <trkpt lat="39.93105288567815" lon="116.44934818463749">
        <ele>43.5524626057595</ele>
        <time>2026-01-02T09:27:37Z</time>
      </trkpt>
      <trkpt lat="39.93116639143805" lon="116.44931132158925">
        <ele>43.63776394445449</ele>
        <time>2026-01-02T09:27:41Z</time>
      </trkpt>
      <trkpt lat="39.931311578386016" lon="116.44933959267466">
        <ele>42.30079673137516</ele>
        <time>2026-01-02T09:27:53Z</time>
      </trkpt>
      <trkpt lat="39.9314075150853" lon="116.44928849195504">
        <ele>42.50798317883164</ele>
        <time>2026-01-02T09:28:01Z</time>
      </trkpt>
      <trkpt lat="39.93156366395677" lon="116.44933828624865">
        <ele>43.39033517986536</ele>
        <time>2026-01-02T09:28:09Z</time>
      </trkpt>
      <trkpt lat="39.93187802018371" lon="116.44936423757318">
        <ele>41.923030198551714</ele>
        <time>2026-01-02T09:28:17Z</time>
      </trkpt>
      <trkpt lat="39.93209368640971" lon="116.4494229926436">
        <ele>42.7890634611249</ele>
        <time>2026-01-02T09:28:29Z</time>
      </trkpt>
      <trkpt lat="39.93221488388579" lon="116.44937193257627">
        <ele>42.8055345537141</ele>
        <time>2026-01-02T09:28:48Z</time>
      </trkpt>
      <trkpt lat="39.93214457374431" lon="116.44937929682301">
        <ele>42.675141707994044</ele>
        <time>2026-01-02T09:29:08Z</time>
      </trkpt>
      <trkpt lat="39.93217590265759" lon="116.44935782379467">
        <ele>42.67539577931166</ele>
        <time>2026-01-02T09:30:45Z</time>
      </trkpt>
      <trkpt lat="39.93212087190394" lon="116.44926930352433">
        <ele>42.95093050226569</ele>
        <time>2026-01-02T09:31:05Z</time>
      </trkpt>
      <trkpt lat="39.93215270572184" lon="116.44934168172507">
        <ele>42.90422574803233</ele>
        <time>2026-01-02T09:31:17Z</time>
      </trkpt>
      <trkpt lat="39.93211584379756" lon="116.4493011636799">
        <ele>42.91586893424392</ele>
        <time>2026-01-02T09:31:57Z</time>
      </trkpt>
      <trkpt lat="39.932162211064124" lon="116.44932506114853">
        <ele>42.554444030858576</ele>
        <time>2026-01-02T09:32:17Z</time>
      </trkpt>
      <trkpt lat="39.93215224041243" lon="116.44926456175645">
        <ele>42.659840904176235</ele>
        <time>2026-01-02T09:33:00Z</time>
      </trkpt>
      <trkpt lat="39.93214147785561" lon="116.4493385115199">
        <ele>42.896771050058305</ele>
        <time>2026-01-02T09:33:20Z</time>
      </trkpt>
      <trkpt lat="39.93219210105856" lon="116.44935911651591">
        <ele>42.64513798058033</ele>
        <time>2026-01-02T09:33:36Z</time>
      </trkpt>
      <trkpt lat="39.93214223697791" lon="116.44937177653468">
        <ele>42.832224018871784</ele>
        <time>2026-01-02T09:33:48Z</time>
      </trkpt>
      <trkpt lat="39.932144944190554" lon="116.44913229116356">
        <ele>42.97567006666213</ele>
        <time>2026-01-02T09:34:38Z</time>
      </trkpt>
      <trkpt lat="39.932130191755014" lon="116.44903492488686">
        <ele>42.46548851951957</ele>
        <time>2026-01-02T09:34:45Z</time>
      </trkpt>
      <trkpt lat="39.93215892566928" lon="116.44887212980449">
        <ele>43.253440260887146</ele>
        <time>2026-01-02T09:34:53Z</time>
      </trkpt>
      <trkpt lat="39.932194225875925" lon="116.4488020639006">
        <ele>42.687921478413045</ele>
        <time>2026-01-02T09:34:57Z</time>
      </trkpt>
      <trkpt lat="39.93218906180697" lon="116.44870639379519">
        <ele>42.61904327105731</ele>
        <time>2026-01-02T09:35:01Z</time>
      </trkpt>
      <trkpt lat="39.93222156814215" lon="116.44857037384331">
        <ele>42.442853938788176</ele>
        <time>2026-01-02T09:35:05Z</time>
      </trkpt>
      <trkpt lat="39.932200394473575" lon="116.44838742621849">
        <ele>42.8204099945724</ele>
        <time>2026-01-02T09:35:09Z</time>
      </trkpt>
      <trkpt lat="39.932218382490845" lon="116.44825113275512">
        <ele>42.43802687712014</ele>
        <time>2026-01-02T09:35:13Z</time>
      </trkpt>
      <trkpt lat="39.932176680956836" lon="116.44808525745312">
        <ele>42.62519380636513</ele>
        <time>2026-01-02T09:35:17Z</time>
      </trkpt>
      <trkpt lat="39.93216749001768" lon="116.44772614421306">
        <ele>42.72825390379876</ele>
        <time>2026-01-02T09:35:29Z</time>
      </trkpt>
      <trkpt lat="39.93215422176363" lon="116.44756900671992">
        <ele>42.764513676054776</ele>
        <time>2026-01-02T09:35:33Z</time>
      </trkpt>
      <trkpt lat="39.93218520447808" lon="116.44734684266109">
        <ele>42.96552783623338</ele>
        <time>2026-01-02T09:35:41Z</time>
      </trkpt>
      <trkpt lat="39.93217944096892" lon="116.4471937835992">
        <ele>42.62984481174499</ele>
        <time>2026-01-02T09:35:45Z</time>
      </trkpt>
      <trkpt lat="39.93220147340108" lon="116.44702832064887">
        <ele>42.95524051506072</ele>
        <time>2026-01-02T09:35:49Z</time>
      </trkpt>
      <trkpt lat="39.93218221898048" lon="116.4468981051664">
        <ele>42.814417369663715</ele>
        <time>2026-01-02T09:35:53Z</time>
      </trkpt>
      <trkpt lat="39.93222790218072" lon="116.44682828872465">
        <ele>42.69373734947294</ele>
        <time>2026-01-02T09:35:57Z</time>
      </trkpt>
      <trkpt lat="39.93218635726718" lon="116.44666442655185">
        <ele>42.32918145507574</ele>
        <time>2026-01-02T09:36:01Z</time>
      </trkpt>
      <trkpt lat="39.932164926928024" lon="116.44638091281864">
        <ele>43.428197803907096</ele>
        <time>2026-01-02T09:36:09Z</time>
      </trkpt>
      <trkpt lat="39.93217586933965" lon="116.44621706876642">
        <ele>42.79866167064756</ele>
        <time>2026-01-02T09:36:13Z</time>
      </trkpt>
      <trkpt lat="39.93214595223872" lon="116.44607076252497">
        <ele>42.1891784761101</ele>
        <time>2026-01-02T09:36:17Z</time>
      </trkpt>
      <trkpt lat="39.93216128604608" lon="116.4457956518462">
        <ele>42.534157775342464</ele>
        <time>2026-01-02T09:36:29Z</time>
      </trkpt>
      <trkpt lat="39.93218252722902" lon="116.44573109560795">
        <ele>43.119392635300756</ele>
        <time>2026-01-02T09:36:33Z</time>
      </trkpt>
      <trkpt lat="39.93217202194298" lon="116.44563822196974">
        <ele>43.13927700556815</ele>
        <time>2026-01-02T09:36:37Z</time>
      </trkpt>
      <trkpt lat="39.93220034825716" lon="116.44553201756324">
        <ele>43.264915535226464</ele>
        <time>2026-01-02T09:36:41Z</time>
      </trkpt>
      <trkpt lat="39.93219000301402" lon="116.44539895211953">
        <ele>43.224656022153795</ele>
        <time>2026-01-02T09:36:45Z</time>
      </trkpt>
      <trkpt lat="39.93220394153761" lon="116.44528764650894">
        <ele>43.04285120870918</ele>
        <time>2026-01-02T09:36:49Z</time>
      </trkpt>
      <trkpt lat="39.93217066425862" lon="116.44514793306179">
        <ele>42.649105054326355</ele>
        <time>2026-01-02T09:36:53Z</time>
      </trkpt>
      <trkpt lat="39.93219395973996" lon="116.44490971554802">
        <ele>42.004150160588324</ele>
        <time>2026-01-02T09:37:01Z</time>
      </trkpt>
      <trkpt lat="39.93216672529837" lon="116.44482083676787">
        <ele>42.74327800888568</ele>
        <time>2026-01-02T09:37:05Z</time>
      </trkpt>
      <trkpt lat="39.932173407394075" lon="116.4446963888543">
        <ele>42.09689061623067</ele>
        <time>2026-01-02T09:37:09Z</time>
      </trkpt>
      <trkpt lat="39.93215310501207" lon="116.44461945892994">
        <ele>43.31630323641002</ele>
        <time>2026-01-02T09:37:13Z</time>
      </trkpt>
      <trkpt lat="39.93216315855469" lon="116.44450732586434">
        <ele>43.01134221255779</ele>
        <time>2026-01-02T09:37:21Z</time>
      </trkpt>
      <trkpt lat="39.93214634958709" lon="116.44445021142083">
        <ele>42.15004565101117</ele>
        <time>2026-01-02T09:37:29Z</time>
      </trkpt>
      <trkpt lat="39.93215170759517" lon="116.4441706901264">
        <ele>42.988959750160575</ele>
        <time>2026-01-02T09:37:57Z</time>
      </trkpt>
      <trkpt lat="39.932170706576606" lon="116.44409322064018">
        <ele>42.719352558255196</ele>
        <time>2026-01-02T09:38:01Z</time>
      </trkpt>
      <trkpt lat="39.93216361177122" lon="116.44397950649713">
        <ele>41.92069427669048</ele>
        <time>2026-01-02T09:38:05Z</time>
      </trkpt>
      <trkpt lat="39.93212832781466" lon="116.44386075569024">
        <ele>42.72825758717954</ele>
        <time>2026-01-02T09:38:09Z</time>
      </trkpt>
      <trkpt lat="39.932148730101616" lon="116.44362075322786">
        <ele>42.62437566835433</ele>
        <time>2026-01-02T09:38:17Z</time>
      </trkpt>
      <trkpt lat="39.932176362437104" lon="116.44347546683437">
        <ele>42.96598785929382</ele>
        <time>2026-01-02T09:38:21Z</time>
      </trkpt>
      <trkpt lat="39.932187957674664" lon="116.44322523653794">
        <ele>42.27364541217685</ele>
        <time>2026-01-02T09:38:29Z</time>
      </trkpt>
      <trkpt lat="39.93217967462491" lon="116.44310378338112">
        <ele>42.840027930215</ele>
        <time>2026-01-02T09:38:33Z</time>
      </trkpt>
      <trkpt lat="39.93219607884063" lon="116.44296805047996">
        <ele>42.832175514660776</ele>
        <time>2026-01-02T09:38:37Z</time>
      </trkpt>
      <trkpt lat="39.93216550369466" lon="116.44284151958237">
        <ele>43.19886412564665</ele>
        <time>2026-01-02T09:38:41Z</time>
      </trkpt>
      <trkpt lat="39.932180094222254" lon="116.44272643546941">
        <ele>43.2021821513772</ele>
        <time>2026-01-02T09:38:45Z</time>
      </trkpt>
      <trkpt lat="39.932158521587205" lon="116.44239309947933">
        <ele>43.798939232714474</ele>
        <time>2026-01-02T09:38:55Z</time>
      </trkpt>
      <trkpt lat="39.93216272400808" lon="116.44210637489125">
        <ele>43.19195483624935</ele>
        <time>2026-01-02T09:39:07Z</time>
      </trkpt>
      <trkpt lat="39.93214099921862" lon="116.44199259570922">
        <ele>43.30687952507287</ele>
        <time>2026-01-02T09:39:11Z</time>
      </trkpt>
      <trkpt lat="39.93215016762636" lon="116.44176377445922">
        <ele>42.80296074412763</ele>
        <time>2026-01-02T09:39:19Z</time>
      </trkpt>
      <trkpt lat="39.932128593113575" lon="116.44156386477204">
        <ele>42.42414603289217</ele>
        <time>2026-01-02T09:39:31Z</time>
      </trkpt>
      <trkpt lat="39.932173854910914" lon="116.44131846983149">
        <ele>42.85647000744939</ele>
        <time>2026-01-02T09:39:43Z</time>
      </trkpt>
      <trkpt lat="39.93216087418105" lon="116.4412536058689">
        <ele>42.04810269922018</ele>
        <time>2026-01-02T09:39:47Z</time>
      </trkpt>
      <trkpt lat="39.93218617816485" lon="116.44106137317198">
        <ele>42.54990577604622</ele>
        <time>2026-01-02T09:39:55Z</time>
      </trkpt>
      <trkpt lat="39.93217021726555" lon="116.44093611190048">
        <ele>43.70204984396696</ele>
        <time>2026-01-02T09:39:59Z</time>
      </trkpt>
      <trkpt lat="39.93217746961441" lon="116.44074984334215">
        <ele>42.300296034663916</ele>
        <time>2026-01-02T09:40:07Z</time>
      </trkpt>
      <trkpt lat="39.9321340181906" lon="116.44056842522743">
        <ele>42.89569920115173</ele>
        <time>2026-01-02T09:40:15Z</time>
      </trkpt>
      <trkpt lat="39.93215381991691" lon="116.44049316308735">
        <ele>43.80663992557675</ele>
        <time>2026-01-02T09:40:23Z</time>
      </trkpt>
      <trkpt lat="39.9321401796178" lon="116.44043033903921">
        <ele>42.67398100346327</ele>
        <time>2026-01-02T09:40:35Z</time>
      </trkpt>
      <trkpt lat="39.932198749934635" lon="116.44044047024057">
        <ele>43.0996159594506</ele>
        <time>2026-01-02T09:41:30Z</time>
      </trkpt>
      <trkpt lat="39.93222301720622" lon="116.44060358674443">
        <ele>43.30996901355684</ele>
        <time>2026-01-02T09:41:38Z</time>
      </trkpt>
      <trkpt lat="39.93222871567414" lon="116.44076622983279">
        <ele>43.5862175822258</ele>
        <time>2026-01-02T09:41:42Z</time>
      </trkpt>
      <trkpt lat="39.932183701849674" lon="116.44092504231155">
        <ele>43.02593545243144</ele>
        <time>2026-01-02T09:41:46Z</time>
      </trkpt>
      <trkpt lat="39.932219920141875" lon="116.44105873164544">
        <ele>42.97389685921371</ele>
        <time>2026-01-02T09:41:50Z</time>
      </trkpt>
      <trkpt lat="39.93218070252364" lon="116.44138251673836">
        <ele>42.38421652652323</ele>
        <time>2026-01-02T09:41:58Z</time>
      </trkpt>
      <trkpt lat="39.932241818151184" lon="116.44159330877676">
        <ele>42.74452233221382</ele>
        <time>2026-01-02T09:42:06Z</time>
      </trkpt>
      <trkpt lat="39.932301881486886" lon="116.44169588544682">
        <ele>42.88627638947219</ele>
        <time>2026-01-02T09:42:10Z</time>
      </trkpt>
      <trkpt lat="39.932343592323406" lon="116.44195720185056">
        <ele>43.29325769096613</ele>
        <time>2026-01-02T09:42:18Z</time>
      </trkpt>
      <trkpt lat="39.93240750026836" lon="116.44216313621835">
        <ele>42.34082744177431</ele>
        <time>2026-01-02T09:42:26Z</time>
      </trkpt>
      <trkpt lat="39.93239668838559" lon="116.44228575623944">
        <ele>42.92309071775526</ele>
        <time>2026-01-02T09:42:30Z</time>
      </trkpt>
      <trkpt lat="39.93246522579555" lon="116.44238327609318">
        <ele>43.87038074526936</ele>
        <time>2026-01-02T09:42:34Z</time>
      </trkpt>
      <trkpt lat="39.93248135546532" lon="116.44250934326321">
        <ele>43.942902750335634</ele>
        <time>2026-01-02T09:42:38Z</time>
      </trkpt>
      <trkpt lat="39.932528897003934" lon="116.44262262335154">
        <ele>43.53093188535422</ele>
        <time>2026-01-02T09:42:42Z</time>
      </trkpt>
      <trkpt lat="39.93240998254193" lon="116.44297672423104">
        <ele>42.30470707640052</ele>
        <time>2026-01-02T09:42:46Z</time>
      </trkpt>
      <trkpt lat="39.9322687951594" lon="116.44338650670552">
        <ele>42.87699906900525</ele>
        <time>2026-01-02T09:42:50Z</time>
      </trkpt>
      <trkpt lat="39.932291047316774" lon="116.44357394820364">
        <ele>43.16926768608391</ele>
        <time>2026-01-02T09:42:54Z</time>
      </trkpt>
      <trkpt lat="39.93225629713111" lon="116.44376285824319">
        <ele>42.83351378142834</ele>
        <time>2026-01-02T09:42:58Z</time>
      </trkpt>
      <trkpt lat="39.93215959198722" lon="116.44387453510556">
        <ele>42.599588591605425</ele>
        <time>2026-01-02T09:43:01Z</time>
      </trkpt>
      <trkpt lat="39.931918371312335" lon="116.44394129275426">
        <ele>42.44001557677984</ele>
        <time>2026-01-02T09:43:08Z</time>
      </trkpt>
      <trkpt lat="39.931791057135456" lon="116.4439380708428">
        <ele>43.49155696481466</ele>
        <time>2026-01-02T09:43:12Z</time>
      </trkpt>
      <trkpt lat="39.931676360354516" lon="116.44397361301256">
        <ele>43.03943881392479</ele>
        <time>2026-01-02T09:43:16Z</time>
      </trkpt>
      <trkpt lat="39.931463321148065" lon="116.44399312232368">
        <ele>44.1065156981349</ele>
        <time>2026-01-02T09:43:24Z</time>
      </trkpt>
      <trkpt lat="39.93136122603111" lon="116.4439515223217">
        <ele>43.39083853922784</ele>
        <time>2026-01-02T09:43:28Z</time>
      </trkpt>
      <trkpt lat="39.9312704282799" lon="116.4439792479596">
        <ele>44.377490805462</ele>
        <time>2026-01-02T09:43:32Z</time>
      </trkpt>
      <trkpt lat="39.931063762130144" lon="116.44396142399611">
        <ele>44.19688449520618</ele>
        <time>2026-01-02T09:43:40Z</time>
      </trkpt>
      <trkpt lat="39.930984521169314" lon="116.44398737380966">
        <ele>43.44151897635311</ele>
        <time>2026-01-02T09:43:44Z</time>
      </trkpt>
      <trkpt lat="39.93068070917319" lon="116.44397614949162">
        <ele>43.91026462800801</ele>
        <time>2026-01-02T09:43:56Z</time>
      </trkpt>
      <trkpt lat="39.93036491771612" lon="116.44399974462581">
        <ele>44.09691507089883</ele>
        <time>2026-01-02T09:44:08Z</time>
      </trkpt>
      <trkpt lat="39.930263718830275" lon="116.44398886142407">
        <ele>43.37309094890952</ele>
        <time>2026-01-02T09:44:12Z</time>
      </trkpt>
      <trkpt lat="39.93018770443783" lon="116.44398065150115">
        <ele>43.53485462162644</ele>
        <time>2026-01-02T09:44:16Z</time>
      </trkpt>
      <trkpt lat="39.93014826369762" lon="116.44394322987216">
        <ele>43.85561922751367</ele>
        <time>2026-01-02T09:44:20Z</time>
      </trkpt>
      <trkpt lat="39.9299759423532" lon="116.44400096953616">
        <ele>43.19668104592711</ele>
        <time>2026-01-02T09:45:00Z</time>
      </trkpt>
      <trkpt lat="39.92967674960714" lon="116.44397798067014">
        <ele>43.76782022789121</ele>
        <time>2026-01-02T09:45:10Z</time>
      </trkpt>
      <trkpt lat="39.929388014317624" lon="116.44399008964263">
        <ele>41.77367040049285</ele>
        <time>2026-01-02T09:45:21Z</time>
      </trkpt>
      <trkpt lat="39.92902631130291" lon="116.44399639890395">
        <ele>41.735851695761085</ele>
        <time>2026-01-02T09:45:33Z</time>
      </trkpt>
      <trkpt lat="39.9287518193629" lon="116.44399116745548">
        <ele>42.009585801512</ele>
        <time>2026-01-02T09:45:41Z</time>
      </trkpt>
      <trkpt lat="39.92837550356709" lon="116.44397703953416">
        <ele>41.87705054599792</ele>
        <time>2026-01-02T09:45:53Z</time>
      </trkpt>
      <trkpt lat="39.92799004902174" lon="116.44398246657911">
        <ele>41.3121966002509</ele>
        <time>2026-01-02T09:46:05Z</time>
      </trkpt>
      <trkpt lat="39.92761028333699" lon="116.44398634079977">
        <ele>42.12310659978539</ele>
        <time>2026-01-02T09:46:17Z</time>
      </trkpt>
      <trkpt lat="39.92724333630623" lon="116.44398859429188">
        <ele>42.26758542750031</ele>
        <time>2026-01-02T09:46:29Z</time>
      </trkpt>
      <trkpt lat="39.92689009851032" lon="116.44398895014635">
        <ele>43.00193708110601</ele>
        <time>2026-01-02T09:46:41Z</time>
      </trkpt>
      <trkpt lat="39.92655953530503" lon="116.44397388816559">
        <ele>42.47726117633283</ele>
        <time>2026-01-02T09:46:53Z</time>
      </trkpt>
      <trkpt lat="39.92624269043226" lon="116.44395936939475">
        <ele>42.34424476604909</ele>
        <time>2026-01-02T09:47:05Z</time>
      </trkpt>
      <trkpt lat="39.92588261814711" lon="116.44395419561813">
        <ele>42.05994973145425</ele>
        <time>2026-01-02T09:47:20Z</time>
      </trkpt>
      <trkpt lat="39.925542631510424" lon="116.44395149477955">
        <ele>43.096790071576834</ele>
        <time>2026-01-02T09:48:16Z</time>
      </trkpt>
      <trkpt lat="39.92543444000135" lon="116.44396486626026">
        <ele>42.7393703320995</ele>
        <time>2026-01-02T09:48:20Z</time>
      </trkpt>
      <trkpt lat="39.92531499320243" lon="116.4440051623322">
        <ele>42.866244269534945</ele>
        <time>2026-01-02T09:48:24Z</time>
      </trkpt>
      <trkpt lat="39.92499424888262" lon="116.44401300251891">
        <ele>43.46349874418229</ele>
        <time>2026-01-02T09:48:36Z</time>
      </trkpt>
      <trkpt lat="39.92465386648463" lon="116.44402229508005">
        <ele>42.89532409328967</ele>
        <time>2026-01-02T09:48:48Z</time>
      </trkpt>
      <trkpt lat="39.924244835263586" lon="116.44402573024517">
        <ele>43.08826705161482</ele>
        <time>2026-01-02T09:49:00Z</time>
      </trkpt>
      <trkpt lat="39.923838524836626" lon="116.44402808664248">
        <ele>42.406841872259974</ele>
        <time>2026-01-02T09:49:12Z</time>
      </trkpt>
      <trkpt lat="39.923485227295295" lon="116.44400832604474">
        <ele>42.06402377039194</ele>
        <time>2026-01-02T09:49:23Z</time>
      </trkpt>
      <trkpt lat="39.92320510153194" lon="116.44401612121035">
        <ele>41.010987591929734</ele>
        <time>2026-01-02T09:49:31Z</time>
      </trkpt>
      <trkpt lat="39.922821098697376" lon="116.44402477288432">
        <ele>40.46889162901789</ele>
        <time>2026-01-02T09:49:43Z</time>
      </trkpt>
      <trkpt lat="39.922469930619535" lon="116.44399505821524">
        <ele>40.47789591457695</ele>
        <time>2026-01-02T09:49:55Z</time>
      </trkpt>
      <trkpt lat="39.92219346739466" lon="116.4439690321121">
        <ele>40.858123800717294</ele>
        <time>2026-01-02T09:50:03Z</time>
      </trkpt>
      <trkpt lat="39.9219830166319" lon="116.44397118808514">
        <ele>40.52117417193949</ele>
        <time>2026-01-02T09:50:11Z</time>
      </trkpt>
      <trkpt lat="39.92185403396753" lon="116.44400028537228">
        <ele>46.699448585510254</ele>
        <time>2026-01-02T09:50:15.100000Z</time>
      </trkpt>
      <trkpt lat="39.92190179662016" lon="116.44394348370027">
        <ele>40.13544133771211</ele>
        <time>2026-01-02T09:50:19Z</time>
      </trkpt>
      <trkpt lat="39.92185286018627" lon="116.4439572747804">
        <ele>40.488178946077824</ele>
        <time>2026-01-02T09:50:47Z</time>
      </trkpt>
      <trkpt lat="39.921810653694976" lon="116.4439233379227">
        <ele>40.60890811588615</ele>
        <time>2026-01-02T09:51:11Z</time>
      </trkpt>
      <trkpt lat="39.92163358850651" lon="116.4439190980953">
        <ele>40.80255922302604</ele>
        <time>2026-01-02T09:51:19Z</time>
      </trkpt>
      <trkpt lat="39.921548193948986" lon="116.44389266156254">
        <ele>40.942066750489175</ele>
        <time>2026-01-02T09:51:23Z</time>
      </trkpt>
      <trkpt lat="39.92145363305118" lon="116.44388982229609">
        <ele>40.748467166908085</ele>
        <time>2026-01-02T09:51:27Z</time>
      </trkpt>
      <trkpt lat="39.92136829179012" lon="116.44385973947934">
        <ele>41.07792103104293</ele>
        <time>2026-01-02T09:51:31Z</time>
      </trkpt>
      <trkpt lat="39.92132578652775" lon="116.44391195383899">
        <ele>41.30223706923425</ele>
        <time>2026-01-02T09:51:54Z</time>
      </trkpt>
      <trkpt lat="39.92133333593921" lon="116.444274140972">
        <ele>41.179798478260636</ele>
        <time>2026-01-02T09:53:29Z</time>
      </trkpt>
      <trkpt lat="39.9213365079393" lon="116.44438828434639">
        <ele>41.08224100526422</ele>
        <time>2026-01-02T09:53:32Z</time>
      </trkpt>
      <trkpt lat="39.921306106339514" lon="116.44454335057583">
        <ele>41.533371350727975</ele>
        <time>2026-01-02T09:53:36Z</time>
      </trkpt>
      <trkpt lat="39.921126051592225" lon="116.4449279013677">
        <ele>41.45421978458762</ele>
        <time>2026-01-02T09:53:46Z</time>
      </trkpt>
      <trkpt lat="39.92097732242115" lon="116.44525901245335">
        <ele>40.35088589787483</ele>
        <time>2026-01-02T09:53:54Z</time>
      </trkpt>
      <trkpt lat="39.920828894189874" lon="116.44559189217186">
        <ele>41.16648250631988</ele>
        <time>2026-01-02T09:54:02Z</time>
      </trkpt>
      <trkpt lat="39.9206911425965" lon="116.44592530004978">
        <ele>41.60277516581118</ele>
        <time>2026-01-02T09:54:10Z</time>
      </trkpt>
      <trkpt lat="39.92055833324263" lon="116.44624586192879">
        <ele>40.77263913303614</ele>
        <time>2026-01-02T09:54:18Z</time>
      </trkpt>
      <trkpt lat="39.9203813530375" lon="116.44659199330398">
        <ele>41.156921872869134</ele>
        <time>2026-01-02T09:54:26Z</time>
      </trkpt>
      <trkpt lat="39.92026923055321" lon="116.44672994478259">
        <ele>40.81038454826921</ele>
        <time>2026-01-02T09:54:30Z</time>
      </trkpt>
      <trkpt lat="39.92002855953306" lon="116.44694827436433">
        <ele>41.725314675830305</ele>
        <time>2026-01-02T09:54:38Z</time>
      </trkpt>
      <trkpt lat="39.919926622918794" lon="116.44707670040856">
        <ele>41.79842026159167</ele>
        <time>2026-01-02T09:54:42Z</time>
      </trkpt>
      <trkpt lat="39.91977171020435" lon="116.4474875449739">
        <ele>41.72510795574635</ele>
        <time>2026-01-02T09:54:54Z</time>
      </trkpt>
      <trkpt lat="39.91974491588566" lon="116.44754449511387">
        <ele>40.9180788192898</ele>
        <time>2026-01-02T09:55:18Z</time>
      </trkpt>
      <trkpt lat="39.91974204889455" lon="116.44763670889756">
        <ele>41.36185768339783</ele>
        <time>2026-01-02T09:55:22Z</time>
      </trkpt>
      <trkpt lat="39.91961995595363" lon="116.44806180165216">
        <ele>40.928042374551296</ele>
        <time>2026-01-02T09:55:34Z</time>
      </trkpt>
      <trkpt lat="39.919482658713086" lon="116.44848523191044">
        <ele>40.73585005477071</ele>
        <time>2026-01-02T09:55:45Z</time>
      </trkpt>
      <trkpt lat="39.91939424869664" lon="116.44878282392851">
        <ele>40.92003854364157</ele>
        <time>2026-01-02T09:55:53Z</time>
      </trkpt>
      <trkpt lat="39.919342707834325" lon="116.44907277093364">
        <ele>40.99193068407476</ele>
        <time>2026-01-02T09:56:01Z</time>
      </trkpt>
      <trkpt lat="39.919243816825634" lon="116.449408437138">
        <ele>41.80560545902699</ele>
        <time>2026-01-02T09:56:09Z</time>
      </trkpt>
      <trkpt lat="39.91913043676046" lon="116.44987618996696">
        <ele>41.42020287271589</ele>
        <time>2026-01-02T09:56:21Z</time>
      </trkpt>
      <trkpt lat="39.91907652694142" lon="116.4500471110905">
        <ele>41.54727697838098</ele>
        <time>2026-01-02T09:56:25Z</time>
      </trkpt>
      <trkpt lat="39.91899246088358" lon="116.45040979807176">
        <ele>41.331420278176665</ele>
        <time>2026-01-02T09:56:33Z</time>
      </trkpt>
      <trkpt lat="39.91886574518543" lon="116.45074075704298">
        <ele>41.710365262813866</ele>
        <time>2026-01-02T09:56:41Z</time>
      </trkpt>
      <trkpt lat="39.918859922746506" lon="116.45087707530008">
        <ele>41.602127267979085</ele>
        <time>2026-01-02T09:56:45Z</time>
      </trkpt>
      <trkpt lat="39.91878927504019" lon="116.4511516060271">
        <ele>40.90276261046529</ele>
        <time>2026-01-02T09:56:53Z</time>
      </trkpt>
      <trkpt lat="39.91876004003638" lon="116.45135286241523">
        <ele>41.81057489104569</ele>
        <time>2026-01-02T09:57:05Z</time>
      </trkpt>
      <trkpt lat="39.91866198675364" lon="116.45140743091515">
        <ele>40.40677261259407</ele>
        <time>2026-01-02T09:57:09Z</time>
      </trkpt>
      <trkpt lat="39.91829485120995" lon="116.45141323556263">
        <ele>40.91690889094025</ele>
        <time>2026-01-02T09:57:21Z</time>
      </trkpt>
      <trkpt lat="39.917970144203736" lon="116.45141008339604">
        <ele>40.79208431299776</ele>
        <time>2026-01-02T09:57:33Z</time>
      </trkpt>
      <trkpt lat="39.91764430427556" lon="116.45140911770531">
        <ele>40.85905352141708</ele>
        <time>2026-01-02T09:57:44Z</time>
      </trkpt>
      <trkpt lat="39.91728048555789" lon="116.45140824804034">
        <ele>40.17308638803661</ele>
        <time>2026-01-02T09:57:54Z</time>
      </trkpt>
      <trkpt lat="39.916955569853364" lon="116.45138218549094">
        <ele>39.76539588253945</ele>
        <time>2026-01-02T09:58:05Z</time>
      </trkpt>
      <trkpt lat="39.91659901925867" lon="116.45137166296601">
        <ele>41.87930150516331</ele>
        <time>2026-01-02T09:58:17Z</time>
      </trkpt>
      <trkpt lat="39.91622338354274" lon="116.45140128611084">
        <ele>41.395882667042315</ele>
        <time>2026-01-02T09:58:29Z</time>
      </trkpt>
      <trkpt lat="39.91611207356556" lon="116.45143482444081">
        <ele>40.5008207494393</ele>
        <time>2026-01-02T09:58:33Z</time>
      </trkpt>
      <trkpt lat="39.91578966861207" lon="116.45145094954152">
        <ele>42.488132576458156</ele>
        <time>2026-01-02T09:58:41Z</time>
      </trkpt>
      <trkpt lat="39.91552293524632" lon="116.45143144266297">
        <ele>42.23600064497441</ele>
        <time>2026-01-02T09:58:49Z</time>
      </trkpt>
      <trkpt lat="39.91537053077448" lon="116.45144295349195">
        <ele>42.57937988359481</ele>
        <time>2026-01-02T09:58:53Z</time>
      </trkpt>
      <trkpt lat="39.915104910391996" lon="116.45137534546738">
        <ele>41.71264709532261</ele>
        <time>2026-01-02T09:59:01Z</time>
      </trkpt>
      <trkpt lat="39.914820427065024" lon="116.4513324041527">
        <ele>41.12391865439713</ele>
        <time>2026-01-02T09:59:09Z</time>
      </trkpt>
      <trkpt lat="39.9146501994454" lon="116.45138821709584">
        <ele>41.538653302937746</ele>
        <time>2026-01-02T09:59:13Z</time>
      </trkpt>
      <trkpt lat="39.91424786448451" lon="116.4514158376156">
        <ele>40.94719205610454</ele>
        <time>2026-01-02T09:59:25Z</time>
      </trkpt>
      <trkpt lat="39.91390150124964" lon="116.45139932848532">
        <ele>42.04549672175199</ele>
        <time>2026-01-02T09:59:33Z</time>
      </trkpt>
      <trkpt lat="39.91362532625788" lon="116.4513675259483">
        <ele>39.64835641067475</ele>
        <time>2026-01-02T09:59:41Z</time>
      </trkpt>
      <trkpt lat="39.91344820874273" lon="116.45139226544518">
        <ele>40.99430625420064</ele>
        <time>2026-01-02T09:59:52Z</time>
      </trkpt>
      <trkpt lat="39.913425963906604" lon="116.45145711467457">
        <ele>41.84268009942025</ele>
        <time>2026-01-02T09:59:55Z</time>
      </trkpt>
      <trkpt lat="39.9134442749398" lon="116.45159015604919">
        <ele>42.18832491058856</ele>
        <time>2026-01-02T09:59:58Z</time>
      </trkpt>
      <trkpt lat="39.9134318120708" lon="116.45169256870484">
        <ele>42.15718728303909</ele>
        <time>2026-01-02T10:00:01Z</time>
      </trkpt>
      <trkpt lat="39.913355337119455" lon="116.45173362459987">
        <ele>42.389475031755865</ele>
        <time>2026-01-02T10:00:07Z</time>
      </trkpt>
      <trkpt lat="39.91326894041735" lon="116.4517486332053">
        <ele>41.45515730232</ele>
        <time>2026-01-02T10:00:10Z</time>
      </trkpt>
      <trkpt lat="39.91311424598742" lon="116.45168969465034">
        <ele>40.7385410675779</ele>
        <time>2026-01-02T10:00:16Z</time>
      </trkpt>
      <trkpt lat="39.91277589125242" lon="116.4516732441845">
        <ele>41.180419634096324</ele>
        <time>2026-01-02T10:00:32Z</time>
      </trkpt>
      <trkpt lat="39.912468745438126" lon="116.45166545076475">
        <ele>40.929032060317695</ele>
        <time>2026-01-02T10:00:44Z</time>
      </trkpt>
      <trkpt lat="39.912378951959575" lon="116.45165968827699">
        <ele>40.647132620215416</ele>
        <time>2026-01-02T10:00:48Z</time>
      </trkpt>
      <trkpt lat="39.91228635913736" lon="116.45170143885586">
        <ele>41.47197577729821</ele>
        <time>2026-01-02T10:00:52Z</time>
      </trkpt>
      <trkpt lat="39.912245686347376" lon="116.45185829087636">
        <ele>42.03648861404508</ele>
        <time>2026-01-02T10:01:00Z</time>
      </trkpt>
      <trkpt lat="39.91220524712306" lon="116.45193078070318">
        <ele>41.52673003915697</ele>
        <time>2026-01-02T10:01:48Z</time>
      </trkpt>
      <trkpt lat="39.9121492897012" lon="116.45192998673676">
        <ele>42.24081714544445</ele>
        <time>2026-01-02T10:02:23Z</time>
      </trkpt>
      <trkpt lat="39.91216088082067" lon="116.4518655554661">
        <ele>41.725903938524425</ele>
        <time>2026-01-02T10:02:27Z</time>
      </trkpt>
      <trkpt lat="39.91208733758728" lon="116.45182489876946">
        <ele>40.31410524901003</ele>
        <time>2026-01-02T10:02:39Z</time>
      </trkpt>
      <trkpt lat="39.91201817089171" lon="116.4518257445183">
        <ele>40.737550273537636</ele>
        <time>2026-01-02T10:02:43Z</time>
      </trkpt>
      <trkpt lat="39.91192677124109" lon="116.45179452546357">
        <ele>41.03068711236119</ele>
        <time>2026-01-02T10:02:47Z</time>
      </trkpt>
      <trkpt lat="39.91187579673951" lon="116.45181752044999">
        <ele>41.97521482035518</ele>
        <time>2026-01-02T10:02:51Z</time>
      </trkpt>
      <trkpt lat="39.91183774760545" lon="116.4518659816555">
        <ele>42.23242844734341</ele>
        <time>2026-01-02T10:02:55Z</time>
      </trkpt>
      <trkpt lat="39.91173441356516" lon="116.45187196560799">
        <ele>43.572845042683184</ele>
        <time>2026-01-02T10:03:11Z</time>
      </trkpt>
      <trkpt lat="39.911735633958166" lon="116.45218082896416">
        <ele>44.75724989455193</ele>
        <time>2026-01-02T10:03:23Z</time>
      </trkpt>
      <trkpt lat="39.91147483014349" lon="116.45195917984316">
        <ele>42.79121040973069</ele>
        <time>2026-01-02T10:03:47.900000Z</time>
      </trkpt>
      <trkpt lat="39.91123844024498" lon="116.45198553727217">
        <ele>43.001506617328126</ele>
        <time>2026-01-02T10:04:01.800000Z</time>
      </trkpt>
      <trkpt lat="39.91133801459712" lon="116.45187294362964">
        <ele>43.24137205123901</ele>
        <time>2026-01-02T10:04:13.500000Z</time>
      </trkpt>
      <trkpt lat="39.91126919154085" lon="116.45198290267626">
        <ele>43.21555535289999</ele>
        <time>2026-01-02T10:04:19.400000Z</time>
      </trkpt>
      <trkpt lat="39.91141175239069" lon="116.45175131692936">
        <ele>43.172647727186735</ele>
        <time>2026-01-02T10:04:38.500000Z</time>
      </trkpt>
      <trkpt lat="39.91126861635164" lon="116.45191767082747">
        <ele>42.945791214539625</ele>
        <time>2026-01-02T10:05:10.900000Z</time>
      </trkpt>
      <trkpt lat="39.91130165756657" lon="116.45195802009808">
        <ele>42.90691411818803</ele>
        <time>2026-01-02T10:05:29.100000Z</time>
      </trkpt>
      <trkpt lat="39.91116954917314" lon="116.45204811488344">
        <ele>42.50800988867267</ele>
        <time>2026-01-02T10:05:35.900000Z</time>
      </trkpt>
      <trkpt lat="39.911074979756414" lon="116.45203850230683">
        <ele>42.49222930172448</ele>
        <time>2026-01-02T10:05:41.600000Z</time>
      </trkpt>
      <trkpt lat="39.9111037709272" lon="116.45198704744477">
        <ele>43.14237674713135</ele>
        <time>2026-01-02T10:05:47Z</time>
      </trkpt>
      <trkpt lat="39.91116926729538" lon="116.45196031299116">
        <ele>42.660069706000414</ele>
        <time>2026-01-02T10:05:55.800000Z</time>
      </trkpt>
      <trkpt lat="39.91117610389186" lon="116.45205913918787">
        <ele>42.61945632331421</ele>
        <time>2026-01-02T10:06:07.800000Z</time>
      </trkpt>
      <trkpt lat="39.91135252144929" lon="116.45198269440023">
        <ele>42.629772311925194</ele>
        <time>2026-01-02T10:06:37.500000Z</time>
      </trkpt>
      <trkpt lat="39.91119121497381" lon="116.45204951598699">
        <ele>42.54857616936505</ele>
        <time>2026-01-02T10:06:51.600000Z</time>
      </trkpt>
      <trkpt lat="39.91123617648986" lon="116.45206910268298">
        <ele>42.612749893411426</ele>
        <time>2026-01-02T10:06:57.500000Z</time>
      </trkpt>
      <trkpt lat="39.91121821348912" lon="116.45200312649759">
        <ele>42.72396816765638</ele>
        <time>2026-01-02T10:07:33.800000Z</time>
      </trkpt>
      <trkpt lat="39.91115057440307" lon="116.45200556713878">
        <ele>42.64253822303844</ele>
        <time>2026-01-02T10:07:39.800000Z</time>
      </trkpt>
    </trkseg>
  </trk>
</gpx>